timestamp,symbol,timeframe,iteration,direction,setup_id,range_high,range_low,range_quality_score,range_bars,range_touches_high,range_touches_low,atr_at_setup,range_height_atr,ssl_bsl_sweep_type,sweep_bar,sweep_wick_size_atr,sweep_wick_size_abs,structure_break_type,breakout_bar,breakout_direction,breakout_body_atr,breakout_quality,htf_trend,retest_zone_type,retest_zone_top,retest_zone_bottom,entry_price,sl_price,tp1_price,tp2_price,tp_score,rr_tp1,rr_tp2,rejection_reason,entry_bar,exit_bar,exit_reason,exit_price,r_multiple,mae_abs,mfe_abs,bars_held,session
2024-04-10 07:30:00+00:00,XAU/USD,5min,1,SHORT,SETUP_00001,2360.1001,2355.84009,70.0,31,3,2,1.6967,3.287,BSL_PDH,165,0.872,1.59,MSS_BEARISH,165,SHORT,0.74,MODERATE,RANGING,FVG,2358.01,2355.69,2355.46,2358.86,2350.91,0.0,35.0,1.23,0.0,,170,193,TP1,2350.91,1.338,0.49,5.99,23,london
2024-04-11 10:15:00+00:00,XAU/USD,5min,1,LONG,SETUP_00002,2335.060059,2328.070068,35.0,15,1,2,2.1321,3.201,SSL_SWING_LOW,479,0.516,1.1,MSS_BULLISH,444,LONG,1.015,STRONG,RANGING,SR,2335.47,2334.65,2335.69,2333.59,2339.47,0.0,35.0,1.58,0.0,,479,480,SL,2333.54,-1.024,2.14,0.0,1,london
2024-04-11 12:20:00+00:00,XAU/USD,5min,1,SHORT,SETUP_00003,2338.11011,2332.53003,35.0,26,2,1,2.0604,3.261,BSL_SWING_HIGH,503,0.996,1.99,BOS_BEARISH,481,SHORT,0.407,MODERATE_BOS,RANGING,BB,2335.77,2334.07,2333.85,2336.8,2326.95,0.0,30.0,2.15,0.0,,504,506,SL,2336.85,-1.017,9.34,0.63,2,new_york
2024-04-11 14:35:00+00:00,XAU/USD,5min,1,LONG,SETUP_00004,2344.40991,2335.48999,35.0,25,1,1,4.1876,3.003,SSL_RANGE_LOW,530,0.71,2.76,MSS_BULLISH,507,LONG,0.412,MODERATE,RANGING,BB,2332.66,2332.35,2332.88,2330.26,2339.56,0.0,35.0,2.32,0.0,,531,536,TP1,2339.56,2.55,0.0,9.19,5,new_york
2024-04-12 11:30:00+00:00,XAU/USD,5min,1,SHORT,SETUP_00005,2400.72998,2393.15991,55.0,50,2,3,2.2787,2.978,BSL_EQUAL_HIGHS,762,0.34,0.62,BOS_BEARISH,717,SHORT,1.199,MODERATE_BOS,RANGING,SR,2393.59,2392.73,2392.51,2394.73,2383.36,0.0,35.0,3.75,0.0,,770,772,SL,2394.78,-1.023,2.4,1.78,2,london
2024-04-12 12:15:00+00:00,XAU/USD,5min,1,LONG,SETUP_00006,2400.72998,2393.15991,55.0,59,2,3,2.3597,2.978,SSL_RANGE_LOW,779,0.199,0.47,MSS_BULLISH,775,LONG,0.381,MODERATE,RANGING,OB,2393.73,2391.8,2394.48,2390.62,2400.32,0.0,35.0,1.13,0.0,,779,796,TP1,2400.32,1.513,2.16,9.88,17,new_york
2024-04-15 11:40:00+00:00,XAU/USD,5min,1,SHORT,SETUP_00008,2361.30005,2353.81006,35.0,9,3,1,2.1103,3.451,BSL_SWING_HIGH,1025,0.186,0.29,MSS_BEARISH,981,SHORT,0.716,MODERATE,RANGING,BB,2359.66,2359.12,2358.9,2360.72,2355.19,0.0,35.0,1.77,0.0,,1036,1044,TP1,2355.19,2.038,0.51,4.18,8,london
2024-04-15 13:05:00+00:00,XAU/USD,5min,1,SHORT,SETUP_00009,2361.30005,2353.81006,35.0,26,3,1,3.118,3.451,BSL_EQUAL_HIGHS,1053,0.953,2.97,MSS_BEARISH,1046,SHORT,0.567,MODERATE,RANGING,FVG,2357.98,2357.15,2356.92,2359.54,2349.62,0.0,35.0,2.56,0.0,,1053,1059,TP1,2349.62,2.786,0.0,7.68,6,new_york
2024-04-15 16:40:00+00:00,XAU/USD,5min,1,SHORT,SETUP_00010,2352.47998,2336.070068,35.0,25,2,1,3.4195,3.298,BSL_SWING_HIGH,1087,0.159,0.57,MSS_BEARISH,1089,SHORT,0.381,MODERATE,RANGING,BB,2358.06,2357.31,2357.09,2359.77,2343.13,0.0,35.0,4.82,0.0,,1096,1098,SL,2359.82,-1.019,3.01,2.25,2,new_york
2024-04-16 11:30:00+00:00,XAU/USD,5min,1,SHORT,SETUP_00011,2378.3501,2368.88989,50.0,59,2,1,1.8206,3.352,BSL_EQUAL_HIGHS,1309,0.187,0.32,BOS_BEARISH,1308,SHORT,0.332,MODERATE_BOS,RANGING,BB,2372.81,2372.35,2372.13,2373.72,2368.92,0.0,35.0,1.71,0.0,,1310,1311,SL,2373.77,-1.031,1.72,0.15,1,london
2024-04-16 13:05:00+00:00,XAU/USD,5min,1,LONG,SETUP_00012,2378.3501,2368.88989,50.0,78,2,1,2.8259,3.352,SSL_SWING_LOW,1329,0.308,0.87,BOS_BULLISH,1324,LONG,0.863,MODERATE_BOS,RANGING,BB,2371.27,2370.98,2371.5,2369.57,2375.31,0.0,35.0,1.73,0.0,,1329,1332,TP1,2375.31,1.974,0.0,6.06,3,new_york
2024-04-16 14:00:00+00:00,XAU/USD,5min,1,LONG,SETUP_00013,2378.3501,2368.88989,50.0,89,2,1,4.2657,3.352,SSL_RANGE_LOW,1340,0.607,2.59,BOS_BULLISH,1335,LONG,0.545,MODERATE_BOS,RANGING,BB,2369.24,2367.82,2369.46,2365.69,2392.2,0.0,35.0,5.71,0.0,,1340,1342,SL,2365.64,-1.013,3.9,1.94,2,new_york
2024-04-16 14:40:00+00:00,XAU/USD,5min,1,SHORT,SETUP_00014,2378.3501,2368.88989,50.0,97,2,1,4.4784,3.352,BSL_EQUAL_HIGHS,1338,0.784,3.09,BOS_BEARISH,1344,SHORT,0.39,MODERATE_BOS,RANGING,BB,2374.73,2373.52,2373.3,2376.97,2359.43,0.0,25.0,3.56,0.0,,1348,1350,SL,2377.02,-1.014,9.64,0.11,2,new_york
2024-04-17 07:55:00+00:00,XAU/USD,5min,1,LONG,SETUP_00015,2383.30005,2378.030029,35.0,9,1,4,1.7083,2.866,SSL_EQUAL_LOWS,1541,0.848,1.643,MSS_BULLISH,1541,LONG,1.223,STRONG,RANGING,BB,2382.2,2381.49,2382.42,2380.64,2385.5,0.0,35.0,1.48,0.0,,1543,1547,TP1,2385.5,1.73,0.0,3.61,4,london
2024-04-17 15:05:00+00:00,XAU/USD,5min,1,SHORT,SETUP_00016,2394.56006,2384.72998,65.0,24,2,3,3.1568,3.454,BSL_RANGE_HIGH,1625,0.373,1.06,MSS_BEARISH,1626,SHORT,0.738,MODERATE,RANGING,OB,2394.07,2392.4,2392.17,2395.65,2378.2,0.0,35.0,3.78,0.0,,1629,1646,TP1,2378.2,4.014,1.01,18.98,17,new_york
2024-04-18 08:50:00+00:00,XAU/USD,5min,1,SHORT,SETUP_00017,2380.68994,2376.73999,50.0,31,1,3,1.4856,2.253,BSL_SWING_HIGH,1830,0.283,0.42,MSS_BEARISH,1809,SHORT,0.993,MODERATE,RANGING,OB,2380.91,2380.69,2380.46,2381.65,2374.18,0.0,35.0,4.49,0.0,,1830,1849,SL,2381.7,-1.042,2.02,3.06,19,london
2024-04-18 11:15:00+00:00,XAU/USD,5min,1,LONG,SETUP_00018,2384.030029,2380.96997,65.0,10,4,2,1.4589,2.548,SSL_RANGE_LOW,1859,1.302,1.9,BOS_BULLISH,1850,LONG,0.482,MODERATE_BOS,RANGING,BB,2379.34,2378.64,2379.57,2377.91,2387.09,0.0,25.0,4.02,0.0,,1859,1869,TP1,2387.09,4.53,0.19,7.91,10,london
2024-04-18 13:40:00+00:00,XAU/USD,5min,1,SHORT,SETUP_00019,2389.93994,2380.77002,35.0,22,1,7,4.5216,2.982,BSL_EQUAL_HIGHS,1888,0.154,0.696,BOS_BEARISH,1870,SHORT,0.461,MODERATE_BOS,RANGING,BB,2379.09,2377.95,2377.72,2381.35,2354.92,0.0,35.0,5.95,0.0,,1888,1889,SL,2381.4,-1.014,4.96,0.92,1,new_york
2024-04-18 15:10:00+00:00,XAU/USD,5min,1,SHORT,SETUP_00020,2384.87988,2369.77002,55.0,14,3,2,3.7548,3.425,BSL_EQUAL_HIGHS,1904,0.507,2.068,BOS_BEARISH,1898,SHORT,0.564,MODERATE_BOS,RANGING,OB,2382.82,2382.05,2381.83,2384.7,2375.35,0.0,35.0,2.07,0.0,,1906,1910,SL,2384.75,-1.017,2.94,0.77,4,new_york
2024-04-19 12:30:00+00:00,XAU/USD,5min,1,LONG,SETUP_00021,2381.38989,2372.90991,35.0,18,1,3,2.5164,3.483,SSL_SWING_LOW,2149,0.246,0.62,BOS_BULLISH,2085,LONG,0.926,MODERATE_BOS,RANGING,SR,2381.9,2380.87,2382.65,2379.62,2392.85,0.0,35.0,2.54,0.0,,2150,2157,SL,2379.57,-1.017,5.04,1.83,7,new_york
2024-04-22 15:10:00+00:00,XAU/USD,5min,1,LONG,SETUP_00024,2343.73999,2331.44995,35.0,27,1,2,3.1943,2.835,SSL_SESSION_LOW,2439,0.168,0.58,MSS_BULLISH,2437,LONG,0.52,MODERATE,RANGING,OB,2335.26,2334.93,2335.49,2333.33,2343.81,0.0,35.0,3.5,0.0,,2446,2449,SL,2333.28,-1.023,2.63,1.53,3,new_york
2024-04-23 09:05:00+00:00,XAU/USD,5min,1,SHORT,SETUP_00025,2314.65991,2295.77002,40.0,89,4,1,2.1169,3.354,BSL_SWING_HIGH,2642,0.337,0.76,MSS_BEARISH,2625,SHORT,0.696,MODERATE,DOWNTREND,BB,2302.62,2301.79,2301.57,2303.68,2299.02,0.0,25.0,1.04,0.0,,2649,2650,TP1,2299.02,1.209,0.0,5.31,1,london
2024-04-24 07:15:00+00:00,XAU/USD,5min,1,SHORT,SETUP_00030,2330.1001,2325.15991,50.0,42,2,1,1.8509,3.338,BSL_EQUAL_HIGHS,2903,0.394,0.73,MSS_BEARISH,2901,SHORT,0.419,MODERATE,RANGING,BB,2324.35,2323.51,2323.29,2325.28,2316.77,0.0,35.0,2.93,0.0,,2903,2917,TP1,2316.77,3.276,1.15,6.81,14,london
2024-04-24 13:40:00+00:00,XAU/USD,5min,1,SHORT,SETUP_00031,2325.93994,2317.3999,55.0,9,2,2,2.9488,2.738,BSL_EQUAL_HIGHS,2975,1.214,3.56,BOS_BEARISH,2978,SHORT,0.958,MODERATE_BOS,RANGING,OB,2323.35,2322.77,2322.55,2324.82,2312.06,0.0,35.0,4.2,0.0,,2980,2991,SL,2324.87,-1.022,4.35,5.96,11,new_york
2024-04-25 12:10:00+00:00,XAU/USD,5min,1,SHORT,SETUP_00032,2328.8501,2324.94995,35.0,51,1,5,1.5092,2.717,BSL_EQUAL_HIGHS,3238,0.742,1.12,MSS_BEARISH,3232,SHORT,0.854,MODERATE,RANGING,OB,2329.19,2328.2,2327.97,2329.94,2324.33,0.0,35.0,1.62,0.0,,3238,3242,SL,2329.99,-1.025,4.23,4.62,4,new_york
2024-04-25 13:00:00+00:00,XAU/USD,5min,1,SHORT,SETUP_00033,2334.73999,2323.3501,35.0,20,1,2,3.8462,3.226,BSL_EQUAL_HIGHS,3248,0.839,3.228,MSS_BEARISH,3244,SHORT,1.403,STRONG,RANGING,FVG,2328.57,2327.52,2327.3,2330.49,2311.94,0.0,35.0,4.5,0.0,,3248,3266,SL,2330.54,-1.016,6.69,14.39,18,new_york
2024-04-25 15:30:00+00:00,XAU/USD,5min,1,SHORT,SETUP_00034,2344.80005,2329.47998,65.0,11,2,2,4.5573,3.212,BSL_SWING_HIGH,3278,0.582,2.65,BOS_BEARISH,3275,SHORT,0.419,MODERATE_BOS,RANGING,OB,2334.6,2332.01,2331.79,2336.88,2311.94,0.0,35.0,3.73,0.0,,3278,3350,TIMEOUT,2332.97,-0.232,4.7,8.6,72,new_york
2024-04-26 11:35:00+00:00,XAU/USD,5min,1,SHORT,SETUP_00035,2352.63989,2346.3501,55.0,36,2,2,1.2511,3.344,BSL_SWING_HIGH,3505,0.431,0.55,MSS_BEARISH,3452,SHORT,0.706,MODERATE,RANGING,SR,2346.61,2346.09,2345.87,2347.23,2340.06,0.0,30.0,3.65,0.0,,3507,3518,SL,2347.28,-1.037,3.06,3.65,11,london
2024-04-26 13:05:00+00:00,XAU/USD,5min,1,SHORT,SETUP_00036,2351.53003,2342.21997,65.0,23,2,5,3.4947,3.483,BSL_EQUAL_HIGHS,3525,0.432,1.51,MSS_BEARISH,3520,SHORT,1.175,STRONG,RANGING,BB,2347.52,2346.78,2346.56,2349.27,2333.86,0.0,35.0,4.34,0.0,,3525,3526,SL,2349.32,-1.018,2.89,0.25,1,new_york
2024-04-29 14:05:00+00:00,XAU/USD,5min,1,SHORT,SETUP_00037,2334.11011,2328.38989,35.0,18,3,1,2.8129,2.747,BSL_EQUAL_HIGHS,3801,0.164,0.46,BOS_BEARISH,3786,SHORT,1.214,MODERATE_BOS,RANGING,BB,2339.06,2338.01,2337.79,2340.47,2334.38,0.0,35.0,1.13,0.0,,3801,3804,TP1,2334.38,1.272,0.0,3.73,3,new_york
2024-04-29 14:35:00+00:00,XAU/USD,5min,1,LONG,SETUP_00038,2339.32007,2332.59009,35.0,8,4,1,2.9612,2.273,SSL_EQUAL_LOWS,3806,0.307,0.973,MSS_BULLISH,3805,LONG,1.463,STRONG,RANGING,OB,2337.22,2334.35,2337.44,2332.87,2343.72,0.0,35.0,1.28,0.0,,3807,3815,SL,2332.82,-1.011,4.58,2.12,8,new_york
2024-05-01 07:55:00+00:00,XAU/USD,5min,1,SHORT,SETUP_00039,2288.070068,2283.6001,55.0,10,2,2,1.3445,3.358,BSL_SWING_HIGH,4276,0.203,0.28,MSS_BEARISH,4274,SHORT,0.771,MODERATE,RANGING,BB,2287.49,2285.98,2285.75,2288.16,2279.13,0.0,25.0,2.5,0.0,,4279,4293,SL,2288.21,-1.021,3.23,1.8,14,london
2024-05-02 12:05:00+00:00,XAU/USD,5min,1,LONG,SETUP_00040,2303.8999,2297.3501,35.0,32,1,2,1.5207,3.465,SSL_SWING_LOW,4605,0.506,0.77,MSS_BULLISH,4603,LONG,0.382,MODERATE,RANGING,OB,2299.15,2298.73,2299.37,2297.97,2302.69,0.0,35.0,1.99,0.0,,4605,4608,TP1,2302.69,2.371,0.57,3.7,3,new_york
2024-05-02 14:15:00+00:00,XAU/USD,5min,1,LONG,SETUP_00041,2295.65991,2286.37988,55.0,15,4,2,4.2974,2.664,SSL_SESSION_LOW,4631,1.61,6.92,BOS_BULLISH,4611,LONG,0.825,MODERATE_BOS,RANGING,SR,2296.39,2294.93,2296.62,2292.78,2302.69,0.0,35.0,1.47,0.0,,4631,4637,TP1,2302.69,1.581,1.77,6.12,6,new_york
2024-05-02 16:50:00+00:00,XAU/USD,5min,1,SHORT,SETUP_00042,2306.62012,2294.8501,35.0,30,1,3,2.1567,3.17,BSL_EQUAL_HIGHS,4662,0.199,0.43,BOS_BEARISH,4639,SHORT,0.73,MODERATE_BOS,RANGING,OB,2301.22,2300.56,2300.34,2302.3,2297.7,0.0,35.0,1.15,0.0,,4662,4666,SL,2302.35,-1.026,2.68,1.32,4,new_york
2024-05-03 07:25:00+00:00,XAU/USD,5min,1,SHORT,SETUP_00043,2302.53003,2297.90991,70.0,13,2,2,1.6442,3.082,BSL_EQUAL_HIGHS,4812,0.358,0.473,MSS_BEARISH,4821,SHORT,0.595,MODERATE,RANGING,BB,2301.95,2301.09,2300.87,2302.77,2293.29,0.0,30.0,3.55,0.0,,4825,4851,SL,2302.82,-1.026,2.37,2.15,26,london
2024-05-03 16:10:00+00:00,XAU/USD,5min,1,LONG,SETUP_00044,2302.87988,2281.23999,35.0,29,1,2,2.8632,3.427,SSL_SWING_LOW,4928,0.572,1.76,MSS_BULLISH,4923,LONG,0.74,MODERATE,RANGING,OB,2295.06,2291.82,2295.29,2290.39,2303.06,0.0,35.0,1.5,0.0,,4930,4951,TP1,2303.06,1.586,0.45,7.9,21,new_york
2024-08-14 12:00:00+00:00,XAU/USD,5min,1,SHORT,SETUP_00045,2477.69995,2472.3999,35.0,39,1,1,1.2739,3.079,BSL_SWING_HIGH,5210,0.691,0.88,MSS_BEARISH,5205,SHORT,0.353,MODERATE,RANGING,OB,2475.28,2473.9,2473.15,2475.92,2467.19,0.0,35.0,1.52,0.0,,5210,5216,SL,2475.97,-1.018,6.66,10.46,6,new_york
2024-08-15 14:30:00+00:00,XAU/USD,5min,1,LONG,SETUP_00048,2451.3501,2436.27002,55.0,15,3,3,4.3591,2.782,SSL_SESSION_LOW,5516,0.72,3.14,BOS_BULLISH,5462,LONG,2.27,MODERATE_BOS,RANGING,BB,2454.02,2453.72,2454.25,2451.54,2460.24,0.0,35.0,2.02,0.0,,5516,5521,SL,2451.49,-1.018,2.84,4.36,5,new_york
2024-08-16 14:00:00+00:00,XAU/USD,5min,1,SHORT,SETUP_00050,2493.070068,2483.8999,75.0,13,3,2,4.9662,2.288,BSL_RANGE_HIGH,5786,0.387,1.92,MSS_BEARISH,5774,SHORT,0.729,MODERATE,RANGING,OB,2491.6,2485.99,2485.76,2494.08,2474.73,0.0,50.0,1.28,0.0,,5786,5788,SL,2494.13,-1.006,8.72,1.45,2,new_york
2024-08-19 14:20:00+00:00,XAU/USD,5min,1,LONG,SETUP_00054,2495.53003,2490.55005,65.0,32,4,2,2.9732,2.868,SSL_SWING_LOW,6059,0.438,1.46,BOS_BULLISH,6059,LONG,1.242,MODERATE_BOS,RANGING,BB,2494.38,2492.78,2494.6,2491.29,2506.85,0.0,35.0,3.46,0.0,,6065,6093,TP1,2506.85,3.701,0.0,12.87,28,new_york
2024-08-20 13:20:00+00:00,XAU/USD,5min,1,SHORT,SETUP_00055,2529.22998,2521.72998,65.0,24,2,2,2.401,3.248,BSL_SESSION_HIGH,6329,0.192,0.46,MSS_BEARISH,6324,SHORT,0.515,MODERATE,RANGING,OB,2528.02,2527.35,2527.13,2529.22,2521.57,0.0,35.0,2.37,0.0,,6329,6331,SL,2529.27,-1.024,4.59,1.03,2,new_york
2024-08-21 12:20:00+00:00,XAU/USD,5min,1,SHORT,SETUP_00056,2511.72998,2506.98999,55.0,16,2,2,1.7975,3.263,BSL_RANGE_HIGH,6593,1.09,1.96,BOS_BEARISH,6589,SHORT,0.435,MODERATE_BOS,RANGING,OB,2512.86,2511.22,2510.47,2513.76,2502.25,0.0,25.0,1.89,0.0,,6593,6607,TP1,2502.25,2.498,2.48,8.79,14,new_york
2024-08-21 16:10:00+00:00,XAU/USD,5min,1,LONG,SETUP_00057,2507.93994,2494.46997,55.0,33,3,2,2.405,3.143,SSL_SESSION_LOW,6639,0.52,1.25,MSS_BULLISH,6628,LONG,0.418,MODERATE,RANGING,OB,2504.72,2501.53,2504.94,2500.33,2513.12,0.0,35.0,1.67,0.0,,6639,6661,TP1,2513.12,1.774,0.67,8.7,22,new_york
2024-08-22 07:35:00+00:00,XAU/USD,5min,1,SHORT,SETUP_00058,2510.6499,2504.23999,70.0,20,2,3,1.9724,3.063,BSL_SWING_HIGH,6808,0.237,0.49,MSS_BEARISH,6808,SHORT,1.652,STRONG,RANGING,OB,2508.61,2508.41,2508.18,2509.59,2500.97,0.0,35.0,4.43,0.0,,6812,6815,SL,2509.64,-1.035,1.63,1.87,3,london
2024-08-22 10:05:00+00:00,XAU/USD,5min,1,SHORT,SETUP_00061,2508.61011,2504.01001,55.0,9,2,2,1.5134,2.875,BSL_SWING_HIGH,6841,0.338,0.54,MSS_BEARISH,6819,SHORT,0.417,MODERATE,RANGING,OB,2509.18,2507.6,2507.38,2509.94,2501.05,0.0,35.0,2.25,0.0,,6842,6860,TP1,2501.05,2.473,1.74,9.16,18,london
2024-08-22 12:35:00+00:00,XAU/USD,5min,1,LONG,SETUP_00062,2502.6001,2496.3501,35.0,12,3,1,2.4798,3.239,SSL_EQUAL_LOWS,6872,0.203,0.503,BOS_BULLISH,6861,LONG,1.003,MODERATE_BOS,RANGING,OB,2502.52,2500.1,2502.75,2498.86,2509.02,0.0,35.0,1.5,0.0,,6872,6877,SL,2498.81,-1.013,3.94,1.23,5,new_york
2024-08-27 12:20:00+00:00,XAU/USD,5min,1,SHORT,SETUP_00063,2512.56006,2508.59009,65.0,51,5,2,1.398,2.133,BSL_EQUAL_HIGHS,7696,0.161,0.225,BOS_BEARISH,7692,SHORT,1.682,MODERATE_BOS,DOWNTREND,OB,2511.81,2511.31,2511.09,2512.51,2508.78,0.0,35.0,1.33,0.0,,7696,7698,TP1,2508.78,1.627,0.26,3.12,2,new_york
2024-08-27 13:40:00+00:00,XAU/USD,5min,1,SHORT,SETUP_00064,2512.56006,2508.59009,65.0,67,5,2,2.8339,2.133,BSL_RANGE_HIGH,7712,0.191,0.54,MSS_BEARISH,7706,SHORT,1.804,STRONG,DOWNTREND,BB,2513.39,2510.94,2510.71,2514.81,2503.64,0.0,35.0,1.62,0.0,,7712,7715,SL,2514.86,-1.012,4.36,0.23,3,new_york
2024-08-27 16:05:00+00:00,XAU/USD,5min,1,LONG,SETUP_00065,2517.6499,2508.37988,65.0,30,2,2,1.9676,2.985,SSL_EQUAL_LOWS,7728,0.191,0.49,BOS_BULLISH,7719,LONG,0.592,MODERATE_BOS,RANGING,BB,2510.14,2508.78,2510.36,2507.8,2517.93,0.0,35.0,2.7,0.0,,7741,7755,TP1,2517.93,2.957,0.13,7.61,14,new_york
2024-08-29 08:00:00+00:00,XAU/USD,5min,1,SHORT,SETUP_00066,2520.72998,2516.97998,50.0,29,1,2,1.7681,2.887,BSL_EQUAL_HIGHS,8196,0.611,1.08,MSS_BEARISH,8185,SHORT,0.409,MODERATE,RANGING,OB,2519.06,2518.11,2517.89,2519.94,2511.87,0.0,35.0,2.61,0.0,,8196,8199,SL,2519.99,-1.024,2.16,2.2,3,london
2024-08-29 08:55:00+00:00,XAU/USD,5min,1,SHORT,SETUP_00067,2520.72998,2516.97998,50.0,40,1,2,1.5606,2.887,BSL_EQUAL_HIGHS,8200,0.422,0.81,BOS_BEARISH,8200,SHORT,1.041,MODERATE_BOS,RANGING,OB,2518.78,2518.09,2517.87,2519.56,2511.87,0.0,35.0,3.11,0.0,,8207,8215,SL,2519.61,-1.03,1.98,1.85,8,london
2024-08-29 13:50:00+00:00,XAU/USD,5min,1,LONG,SETUP_00068,2514.44995,2503.68994,35.0,15,1,3,3.1431,3.411,SSL_EQUAL_LOWS,8266,0.428,1.346,BOS_BULLISH,8217,LONG,0.872,MODERATE_BOS,RANGING,SR,2515.07,2513.83,2515.3,2512.26,2519.89,0.0,35.0,1.37,0.0,,8266,8268,TP1,2519.89,1.51,0.0,5.6,2,new_york
2024-08-29 15:50:00+00:00,XAU/USD,5min,1,SHORT,SETUP_00069,2525.36011,2517.68994,55.0,15,2,2,1.9258,3.014,BSL_EQUAL_HIGHS,8287,0.406,0.89,MSS_BEARISH,8270,SHORT,0.384,MODERATE,RANGING,BB,2523.26,2523.06,2522.84,2524.22,2515.71,0.0,35.0,4.45,0.0,,8290,8301,SL,2524.27,-1.036,1.64,5.28,11,new_york
2024-08-30 12:40:00+00:00,XAU/USD,5min,1,SHORT,SETUP_00074,2524.73999,2518.31006,55.0,10,3,3,2.8148,3.025,BSL_EQUAL_HIGHS,8528,0.337,0.947,MSS_BEARISH,8498,SHORT,1.462,STRONG,RANGING,BB,2522.57,2519.03,2518.28,2523.98,2503.69,0.0,30.0,2.17,0.0,,8528,8557,TP1,2503.69,2.56,2.25,14.6,29,new_york
2024-09-02 07:30:00+00:00,XAU/USD,5min,1,SHORT,SETUP_00075,2499.02002,2492.63989,70.0,69,3,2,1.3854,3.086,BSL_RANGE_HIGH,8741,0.426,0.59,MSS_BEARISH,8735,SHORT,0.301,MODERATE,DOWNTREND,OB,2499.44,2499.24,2499.01,2500.13,2496.24,0.0,35.0,2.01,0.0,,8741,8747,SL,2500.18,-1.045,1.9,2.71,6,london
2024-09-02 11:00:00+00:00,XAU/USD,5min,1,LONG,SETUP_00077,2503.1001,2498.27002,65.0,21,2,2,1.3743,3.303,SSL_RANGE_LOW,8783,0.182,0.25,BOS_BULLISH,8748,LONG,0.316,MODERATE_BOS,RANGING,BB,2498.1,2496.55,2498.33,2495.86,2504.85,0.0,35.0,2.41,0.0,,8783,8855,TIMEOUT,2500.88,1.032,1.15,4.93,72,london
2024-09-03 09:50:00+00:00,XAU/USD,5min,1,SHORT,SETUP_00078,2506.28003,2502.62012,65.0,19,2,2,1.168,3.055,BSL_SWING_HIGH,9015,0.394,0.46,MSS_BEARISH,8982,SHORT,1.096,STRONG,RANGING,SR,2502.86,2502.38,2502.15,2503.44,2498.96,0.0,30.0,2.06,0.0,,9015,9018,TP1,2498.96,2.473,0.0,3.3,3,london
2024-09-06 07:45:00+00:00,XAU/USD,5min,1,SHORT,SETUP_00080,2520.76001,2518.40991,40.0,38,1,6,1.1189,3.097,BSL_SWING_HIGH,9816,0.852,1.05,BOS_BEARISH,9816,SHORT,0.747,MODERATE_BOS,RANGING,OB,2519.51,2519.06,2518.84,2520.07,2515.7,0.0,35.0,2.1,0.0,,9818,9821,TP1,2515.7,2.553,0.67,3.2,3,london
2024-09-06 09:30:00+00:00,XAU/USD,5min,1,SHORT,SETUP_00081,2520.27002,2516.56006,75.0,37,5,2,1.1507,3.06,BSL_EQUAL_HIGHS,9838,0.285,0.292,BOS_BEARISH,9836,SHORT,0.83,MODERATE_BOS,RANGING,BB,2519.84,2518.93,2518.7,2520.42,2512.85,0.0,50.0,3.01,0.0,,9839,9872,TP1,2512.85,3.401,1.7,6.43,33,london
2024-12-16 07:55:00+00:00,XAU/USD,5min,1,LONG,SETUP_00083,2655.6499,2649.02002,50.0,82,1,2,1.2448,3.49,SSL_SWING_LOW,10166,0.337,0.39,BOS_BULLISH,10167,LONG,1.238,MODERATE_BOS,RANGING,OB,2653.53,2652.68,2653.76,2652.06,2662.28,0.0,25.0,4.46,0.0,,10170,10212,TP1,2662.28,5.012,1.32,9.3,42,london
2024-12-16 12:30:00+00:00,XAU/USD,5min,1,SHORT,SETUP_00084,2664.47998,2661.060059,55.0,13,2,4,1.5464,2.501,BSL_SWING_HIGH,10225,0.589,0.91,BOS_BEARISH,10213,SHORT,0.524,MODERATE_BOS,RANGING,OB,2662.77,2661.73,2661.5,2663.54,2652.22,0.0,35.0,4.11,0.0,,10225,10232,SL,2663.59,-1.025,2.6,3.91,7,new_york
2024-12-16 14:30:00+00:00,XAU/USD,5min,1,LONG,SETUP_00085,2663.68994,2657.59009,35.0,26,3,1,2.1938,3.302,SSL_RANGE_LOW,10249,0.187,0.41,MSS_BULLISH,10235,LONG,1.126,STRONG,RANGING,BB,2658.6,2658.27,2658.83,2657.17,2664.34,0.0,35.0,2.92,0.0,,10249,10250,SL,2657.12,-1.03,1.77,1.16,1,new_york
2024-12-17 12:35:00+00:00,XAU/USD,5min,1,LONG,SETUP_00087,2643.18994,2638.18994,55.0,35,3,5,1.5962,2.618,SSL_RANGE_LOW,10485,0.275,0.46,MSS_BULLISH,10436,LONG,0.304,MODERATE,RANGING,SR,2643.49,2642.89,2643.71,2642.09,2648.19,0.0,30.0,2.39,0.0,,10502,10504,SL,2642.04,-1.031,1.77,1.82,2,new_york
2024-12-18 07:20:00+00:00,XAU/USD,5min,1,SHORT,SETUP_00088,2647.56006,2644.22998,40.0,48,2,1,1.2767,3.051,BSL_EQUAL_HIGHS,10715,0.175,0.223,MSS_BEARISH,10712,SHORT,0.492,MODERATE,RANGING,BB,2647.3,2646.73,2646.5,2647.94,2642.84,0.0,35.0,2.17,0.0,,10715,10723,TP1,2642.84,2.542,0.0,4.27,8,london
2024-12-18 09:55:00+00:00,XAU/USD,5min,1,LONG,SETUP_00089,2647.56006,2644.22998,40.0,79,2,1,1.3261,3.051,SSL_SWING_LOW,10746,0.739,0.98,BOS_BULLISH,10724,LONG,0.325,MODERATE_BOS,RANGING,BB,2646.14,2645.74,2646.36,2645.08,2649.49,0.0,35.0,2.02,0.0,,10746,10771,SL,2645.03,-1.039,1.51,3.05,25,london
2024-12-18 12:40:00+00:00,XAU/USD,5min,1,SHORT,SETUP_00090,2649.40991,2645.98999,35.0,28,5,1,1.0112,3.346,BSL_EQUAL_HIGHS,10779,0.183,0.185,BOS_BEARISH,10774,SHORT,0.785,MODERATE_BOS,RANGING,BB,2647.16,2646.96,2646.21,2647.67,2642.57,0.0,30.0,1.36,0.0,,10779,10783,TP1,2642.57,2.493,0.0,3.94,4,new_york
2024-12-20 10:55:00+00:00,XAU/USD,5min,1,SHORT,SETUP_00091,2607.56006,2602.31006,40.0,52,3,1,1.3625,3.228,BSL_SWING_HIGH,11304,0.203,0.29,BOS_BEARISH,11303,SHORT,0.562,MODERATE_BOS,RANGING,OB,2606.89,2605.19,2604.96,2607.57,2596.72,0.0,35.0,2.9,0.0,,11310,11341,SL,2607.62,-1.019,4.69,4.68,31,london
2024-12-24 14:35:00+00:00,XAU/USD,5min,1,SHORT,SETUP_00097,2615.060059,2611.47998,45.0,21,4,1,1.6489,2.43,BSL_RANGE_HIGH,11904,1.236,2.04,BOS_BEARISH,11892,SHORT,0.781,MODERATE_BOS,RANGING,BB,2615.62,2613.99,2613.76,2616.44,2608.19,0.0,30.0,1.89,0.0,,11905,11928,SL,2616.49,-1.019,3.88,3.56,23,new_york
2024-12-26 08:20:00+00:00,XAU/USD,5min,1,SHORT,SETUP_00098,2628.27002,2624.72998,40.0,36,4,1,1.4137,3.453,BSL_RANGE_HIGH,12067,0.587,0.83,BOS_BEARISH,12055,SHORT,1.192,MODERATE_BOS,RANGING,BB,2628.66,2628.19,2627.96,2629.37,2624.88,0.0,35.0,1.85,0.0,,12067,12097,SL,2629.42,-1.035,1.42,2.85,30,london
2024-12-26 12:05:00+00:00,XAU/USD,5min,1,SHORT,SETUP_00099,2630.060059,2626.76001,65.0,29,2,4,0.9231,3.13,BSL_EQUAL_HIGHS,12111,0.307,0.283,BOS_BEARISH,12098,SHORT,0.354,MODERATE_BOS,RANGING,SR,2626.94,2626.58,2626.35,2627.41,2623.46,0.0,30.0,2.21,0.0,,12112,12123,SL,2627.46,-1.047,4.39,1.58,11,new_york
2024-12-26 14:25:00+00:00,XAU/USD,5min,1,SHORT,SETUP_00101,2626.12012,2621.86011,35.0,10,2,1,1.5683,2.741,BSL_SWING_HIGH,12129,0.567,1.08,MSS_BEARISH,12124,SHORT,0.483,MODERATE,RANGING,BB,2627.52,2627.27,2627.05,2628.3,2624.91,0.0,35.0,1.37,0.0,,12140,12141,TP1,2624.91,1.712,0.0,2.32,1,new_york
2024-12-27 11:45:00+00:00,XAU/USD,5min,1,LONG,SETUP_00104,2627.73999,2624.55005,65.0,33,3,2,1.1547,2.343,SSL_SWING_LOW,12383,0.434,0.51,BOS_BULLISH,12328,LONG,0.443,MODERATE_BOS,RANGING,SR,2627.97,2627.51,2628.2,2626.93,2633.66,0.0,35.0,3.65,0.0,,12384,12398,SL,2626.88,-1.039,2.43,3.46,14,london
2024-12-30 13:35:00+00:00,XAU/USD,5min,1,SHORT,SETUP_00106,2622.57007,2617.98999,55.0,12,2,3,2.441,2.637,BSL_SESSION_HIGH,12680,0.932,2.24,BOS_BEARISH,12656,SHORT,0.412,MODERATE_BOS,RANGING,BB,2617.05,2616.85,2616.63,2618.28,2609.49,0.0,35.0,3.82,0.0,,12681,12685,TP1,2609.49,4.327,0.0,9.94,4,new_york
2024-12-30 14:50:00+00:00,XAU/USD,5min,1,LONG,SETUP_00107,2613.78003,2605.56006,35.0,12,3,1,2.5418,3.022,SSL_EQUAL_LOWS,12696,0.38,0.965,MSS_BULLISH,12686,LONG,0.604,MODERATE,RANGING,OB,2610.31,2606.77,2610.54,2605.5,2622.55,0.0,35.0,2.27,0.0,,12696,12699,SL,2605.45,-1.01,8.23,1.45,3,new_york
2024-12-31 12:45:00+00:00,XAU/USD,5min,1,LONG,SETUP_00108,2615.090088,2611.43994,55.0,60,4,2,1.2766,2.629,SSL_RANGE_LOW,12947,0.979,1.25,BOS_BULLISH,12936,LONG,0.832,MODERATE_BOS,RANGING,OB,2611.18,2610.51,2611.4,2609.87,2618.74,0.0,25.0,4.19,0.0,,12947,12950,SL,2609.82,-1.033,2.54,1.41,3,new_york
2024-12-31 13:30:00+00:00,XAU/USD,5min,1,SHORT,SETUP_00109,2612.81006,2605.43994,65.0,20,5,2,2.3816,3.288,BSL_SWING_HIGH,12955,0.364,0.84,MSS_BEARISH,12952,SHORT,0.893,MODERATE,RANGING,BB,2616.02,2615.74,2615.51,2617.21,2609.68,0.0,35.0,3.03,0.0,,12956,12969,SL,2617.26,-1.029,2.42,4.16,13,new_york
2024-12-31 14:55:00+00:00,XAU/USD,5min,1,SHORT,SETUP_00110,2617.92993,2611.3501,35.0,18,1,8,1.9695,3.341,BSL_EQUAL_HIGHS,12971,0.336,0.73,BOS_BEARISH,12970,SHORT,1.018,MODERATE_BOS,RANGING,OB,2616.56,2614.23,2614.0,2617.54,2609.68,0.0,35.0,1.12,0.0,,12973,12976,SL,2617.59,-1.014,4.22,1.47,3,new_york
2025-01-02 08:30:00+00:00,XAU/USD,5min,1,LONG,SETUP_00111,2635.38989,2631.43994,70.0,33,2,2,1.6377,3.472,SSL_EQUAL_LOWS,13172,1.163,1.905,BOS_BULLISH,13165,LONG,1.174,MODERATE_BOS,UPTREND,BB,2633.5,2633.3,2633.73,2632.48,2636.52,0.0,35.0,1.84,0.0,,13172,13174,TP1,2636.52,2.232,0.21,3.18,2,london
2025-01-06 15:05:00+00:00,XAU/USD,5min,1,SHORT,SETUP_00117,2630.77002,2614.88989,55.0,17,3,2,4.4922,2.863,BSL_EQUAL_HIGHS,13802,0.496,2.227,MSS_BEARISH,13782,SHORT,0.529,MODERATE,RANGING,BB,2635.32,2635.12,2634.89,2637.57,2631.08,0.0,35.0,1.28,0.0,,13802,13803,TP1,2631.08,1.422,0.0,4.59,1,new_york
2025-01-07 07:40:00+00:00,XAU/USD,5min,1,LONG,SETUP_00118,2644.18994,2639.63989,70.0,12,2,5,1.2849,3.097,SSL_SWING_LOW,13985,0.191,0.28,MSS_BULLISH,13985,LONG,0.578,MODERATE,RANGING,BB,2638.97,2638.77,2639.19,2638.13,2649.47,0.0,25.0,8.13,0.0,,13989,13991,SL,2638.08,-1.047,1.09,0.4,2,london
2025-01-08 12:25:00+00:00,XAU/USD,5min,1,LONG,SETUP_00120,2652.67993,2647.84009,55.0,16,2,2,1.6273,3.462,SSL_EQUAL_LOWS,14318,0.952,1.32,MSS_BULLISH,14275,LONG,0.727,MODERATE,RANGING,BB,2647.31,2647.05,2648.06,2646.24,2652.87,0.0,35.0,1.63,0.0,,14322,14329,TP1,2652.87,2.643,0.85,9.03,7,new_york
2025-01-10 07:30:00+00:00,XAU/USD,5min,1,SHORT,SETUP_00122,2678.6499,2674.96997,70.0,14,3,3,2.0289,3.39,BSL_PDH,14815,0.271,0.55,MSS_BEARISH,14810,SHORT,0.572,MODERATE,RANGING,OB,2678.44,2678.24,2678.01,2679.45,2669.57,0.0,35.0,5.13,0.0,,14815,14825,SL,2679.5,-1.035,2.22,4.38,10,london
2025-04-28 07:25:00+00:00,XAU/USD,5min,1,SHORT,SETUP_00125,3292.5,3283.8,40.0,11,1,2,2.675,3.411,BSL_SWING_HIGH,15243,0.244,0.5,MSS_BEARISH,15248,SHORT,0.431,MODERATE,RANGING,BB,3286.5,3284.2,3283.97,3287.84,3275.1,0.0,30.0,2.15,0.0,,15251,15254,SL,3287.89,-1.013,8.43,1.37,3,london
2025-04-29 07:25:00+00:00,XAU/USD,5min,1,SHORT,SETUP_00130,3323.9,3316.0,50.0,9,2,1,2.3339,3.249,BSL_SWING_HIGH,15528,0.214,0.5,MSS_BEARISH,15526,SHORT,0.52,MODERATE,RANGING,OB,3320.6,3320.0,3319.77,3321.77,3316.0,0.0,35.0,1.66,0.0,,15528,15532,SL,3321.82,-1.025,2.33,3.47,4,london
2025-04-29 11:05:00+00:00,XAU/USD,5min,1,LONG,SETUP_00131,3318.5,3312.1,65.0,28,2,4,2.6673,3.13,SSL_EQUAL_LOWS,15571,0.6,1.6,BOS_BULLISH,15533,LONG,0.698,MODERATE_BOS,RANGING,BB,3317.4,3316.7,3317.63,3315.37,3324.0,0.0,35.0,2.55,0.0,,15571,15572,SL,3315.32,-1.022,3.43,0.67,1,london
2025-04-29 13:15:00+00:00,XAU/USD,5min,1,SHORT,SETUP_00132,3318.5,3312.1,65.0,54,2,4,2.4563,3.13,BSL_SWING_HIGH,15597,0.896,2.2,BOS_BEARISH,15582,SHORT,1.136,MODERATE_BOS,RANGING,BB,3321.3,3318.6,3318.37,3322.53,3311.97,0.0,35.0,1.44,0.0,,15597,15603,TP1,3311.97,1.538,3.13,11.97,6,new_york
2025-04-29 14:25:00+00:00,XAU/USD,5min,1,LONG,SETUP_00133,3321.5,3305.7,65.0,25,2,3,4.523,3.452,SSL_EQUAL_LOWS,15611,1.006,4.55,BOS_BULLISH,15604,LONG,0.874,MODERATE_BOS,RANGING,OB,3315.0,3306.4,3315.23,3304.14,3337.3,0.0,30.0,1.94,0.0,,15611,15683,TIMEOUT,3317.6,0.214,5.13,14.17,72,new_york
2025-05-01 16:25:00+00:00,XAU/USD,5min,1,SHORT,SETUP_00134,3221.6,3206.0,55.0,17,3,2,4.239,3.102,BSL_EQUAL_HIGHS,16165,0.749,4.548,BOS_BEARISH,16183,SHORT,0.401,MODERATE_BOS,DOWNTREND,OB,3210.06,3209.86,3209.63,3212.18,3190.4,0.0,25.0,7.01,0.0,,16185,16186,SL,3212.23,-1.02,2.98,0.11,1,new_york
2025-05-03 09:00:00+00:00,XAU/USD,5min,1,LONG,SETUP_00135,3252.8,3250.0,80.0,35,2,6,0.6765,3.281,SSL_SWING_LOW,16641,0.254,0.2,BOS_BULLISH,16641,LONG,1.015,MODERATE_BOS,RANGING,OB,3251.3,3250.4,3251.53,3250.06,3255.6,0.0,50.0,2.38,0.0,,16646,16655,TP1,3255.6,2.769,0.0,4.57,9,london
2025-05-03 11:45:00+00:00,XAU/USD,5min,1,SHORT,SETUP_00136,3256.2,3253.1,35.0,24,2,1,0.7712,3.448,BSL_SWING_HIGH,16678,0.908,0.7,MSS_BEARISH,16666,SHORT,0.751,MODERATE,RANGING,OB,3256.6,3256.0,3255.77,3256.99,3223.0,0.0,30.0,23.53,0.0,,16678,16692,SL,3257.04,-1.041,3.33,6.67,14,london
2025-05-05 13:55:00+00:00,XAU/USD,5min,1,SHORT,SETUP_00137,3321.8,3311.28,45.0,38,1,9,3.7309,3.095,BSL_SWING_HIGH,16928,0.338,1.28,BOS_BEARISH,16924,SHORT,1.035,MODERATE_BOS,RANGING,OB,3319.12,3317.09,3316.86,3320.99,3311.63,0.0,35.0,1.18,0.0,,16929,16930,TP1,3311.63,1.266,1.52,6.73,1,new_york
2025-05-05 15:05:00+00:00,XAU/USD,5min,1,SHORT,SETUP_00138,3321.8,3311.28,45.0,52,1,9,4.6068,3.095,BSL_RANGE_HIGH,16935,0.813,5.1,BOS_BEARISH,16941,SHORT,0.525,MODERATE_BOS,RANGING,BB,3313.99,3313.15,3312.92,3316.29,3300.76,0.0,30.0,3.38,0.0,,16943,16949,SL,3316.34,-1.015,3.89,3.69,6,new_york
2025-05-07 10:10:00+00:00,XAU/USD,5min,1,SHORT,SETUP_00142,3383.91,3371.49,35.0,13,3,1,4.6907,3.485,BSL_SWING_HIGH,17442,0.207,0.71,MSS_BEARISH,17430,SHORT,0.825,MODERATE,RANGING,OB,3389.82,3387.11,3386.88,3392.17,3371.77,0.0,35.0,2.74,0.0,,17460,17465,SL,3392.22,-1.009,5.99,2.84,5,london
2025-05-07 15:35:00+00:00,XAU/USD,5min,1,SHORT,SETUP_00143,3392.87,3378.78,35.0,65,5,1,3.4724,3.45,BSL_SWING_HIGH,17507,0.522,2.5,MSS_BEARISH,17521,SHORT,0.465,MODERATE,RANGING,BB,3386.75,3386.5,3386.27,3388.49,3381.81,0.0,35.0,1.8,0.0,,17525,17533,TP1,3381.81,2.009,1.22,7.27,8,new_york
2025-05-09 08:05:00+00:00,XAU/USD,5min,1,SHORT,SETUP_00144,3325.25,3312.82,80.0,33,2,3,3.7161,2.899,BSL_SWING_HIGH,18008,0.159,0.59,BOS_BEARISH,17995,SHORT,0.59,MODERATE_BOS,DOWNTREND,OB,3325.36,3323.92,3323.69,3327.22,3300.39,0.0,45.0,6.25,0.0,,18008,18016,SL,3327.27,-1.014,4.94,3.42,8,london
2025-05-09 10:05:00+00:00,XAU/USD,5min,1,LONG,SETUP_00145,3325.25,3312.82,80.0,57,2,3,2.3391,2.899,SSL_SWING_LOW,18032,0.646,1.51,MSS_BULLISH,18017,LONG,0.407,MODERATE,RANGING,OB,3324.41,3322.0,3324.64,3320.83,3337.68,0.0,45.0,3.23,0.0,,18032,18048,TP1,3337.68,3.423,2.64,13.36,16,london
2025-05-10 10:40:00+00:00,XAU/USD,5min,1,LONG,SETUP_00147,3327.1,3324.9,65.0,11,2,3,0.9517,3.455,SSL_EQUAL_LOWS,18304,0.315,0.3,BOS_BULLISH,18270,LONG,1.197,MODERATE_BOS,RANGING,SR,3327.28,3326.92,3327.5,3326.45,3328.95,0.0,35.0,1.04,0.0,,18304,18307,SL,3326.4,-1.048,1.9,0.5,3,london
2025-05-12 16:55:00+00:00,XAU/USD,5min,1,SHORT,SETUP_00149,3236.67,3224.6,35.0,10,1,3,4.1456,2.721,BSL_EQUAL_HIGHS,18563,0.259,1.15,MSS_BEARISH,18563,SHORT,0.674,MODERATE,DOWNTREND,BB,3231.36,3225.3,3225.07,3233.43,3213.26,0.0,35.0,1.36,0.0,,18565,18592,SL,3233.48,-1.006,9.01,4.57,27,new_york
2025-05-13 07:25:00+00:00,XAU/USD,5min,1,SHORT,SETUP_00150,3260.52,3251.08,80.0,29,2,2,3.4589,3.167,BSL_SWING_HIGH,18739,0.243,0.84,MSS_BEARISH,18734,SHORT,0.524,MODERATE,RANGING,OB,3263.52,3257.67,3257.44,3265.25,3241.64,0.0,50.0,1.96,0.0,,18739,18796,TP1,3241.64,2.023,3.51,17.02,57,london
2025-05-13 12:40:00+00:00,XAU/USD,5min,1,LONG,SETUP_00151,3252.17,3237.31,35.0,9,1,3,4.8366,3.367,SSL_SWING_LOW,18792,0.205,0.62,BOS_BULLISH,18797,LONG,0.389,MODERATE_BOS,RANGING,OB,3243.97,3241.63,3244.2,3239.21,3256.08,0.0,35.0,2.27,0.0,,18802,18809,SL,3239.16,-1.01,8.07,4.56,7,new_york
2025-05-13 15:00:00+00:00,XAU/USD,5min,1,LONG,SETUP_00152,3246.2,3230.89,55.0,22,3,3,4.3507,3.132,SSL_EQUAL_LOWS,18823,0.164,0.84,MSS_BULLISH,18826,LONG,0.736,MODERATE,RANGING,OB,3244.55,3244.05,3244.78,3241.87,3248.68,0.0,35.0,1.21,0.0,,18830,18836,TP1,3248.68,1.34,2.77,6.52,6,new_york
2025-05-13 16:15:00+00:00,XAU/USD,5min,1,SHORT,SETUP_00154,3257.3,3245.62,55.0,10,2,2,3.1202,3.447,BSL_EQUAL_HIGHS,18845,0.278,0.867,MSS_BEARISH,18837,SHORT,0.456,MODERATE,RANGING,BB,3258.28,3255.8,3255.57,3259.84,3250.54,0.0,35.0,1.09,0.0,,18845,18850,TP1,3250.54,1.178,0.44,5.57,5,new_york
2025-05-14 11:45:00+00:00,XAU/USD,5min,1,SHORT,SETUP_00155,3236.64,3228.13,70.0,73,2,2,2.9908,2.919,BSL_EQUAL_HIGHS,19077,0.58,1.51,MSS_BEARISH,19023,SHORT,1.499,STRONG,RANGING,BB,3231.3,3230.71,3230.48,3232.8,3221.87,0.0,35.0,3.4,0.0,,19079,19081,TP1,3221.87,3.711,0.0,11.05,2,london
2025-05-16 07:25:00+00:00,XAU/USD,5min,1,SHORT,SETUP_00156,3221.65,3207.3,40.0,10,1,1,4.3341,3.154,BSL_SWING_HIGH,19599,0.622,2.58,MSS_BEARISH,19600,SHORT,1.371,STRONG,RANGING,BB,3211.15,3210.34,3210.11,3213.32,3192.95,0.0,25.0,5.03,0.0,,19602,19605,SL,3213.37,-1.016,4.92,2.67,3,london
2025-05-17 07:45:00+00:00,XAU/USD,5min,1,LONG,SETUP_00157,3207.5,3204.6,50.0,18,1,3,1.2072,3.417,SSL_EQUAL_LOWS,19872,0.625,0.6,MSS_BULLISH,19868,LONG,0.448,MODERATE,RANGING,BB,3204.5,3203.0,3204.73,3202.4,3209.35,0.0,35.0,1.78,0.0,,19875,19915,TP1,3209.35,1.983,1.93,4.97,40,london
2025-05-17 12:15:00+00:00,XAU/USD,5min,1,SHORT,SETUP_00158,3209.7,3207.5,35.0,13,1,3,0.7715,2.44,BSL_EQUAL_HIGHS,19922,0.583,0.45,BOS_BEARISH,19916,SHORT,0.322,MODERATE_BOS,RANGING,OB,3208.6,3208.4,3208.17,3209.17,3204.58,0.0,35.0,3.47,0.0,,19922,19939,SL,3209.22,-1.05,1.13,2.77,17,new_york
2025-05-18 16:00:00+00:00,XAU/USD,5min,1,LONG,SETUP_00160,3210.5,3208.0,35.0,18,1,2,1.5608,3.411,SSL_RANGE_LOW,19960,0.448,0.7,MSS_BULLISH,19940,LONG,0.359,MODERATE,RANGING,BB,3208.0,3206.9,3208.23,3206.12,3211.5,0.0,35.0,1.36,0.0,,19960,19976,SL,3206.07,-1.024,2.23,20.77,16,new_york
2025-09-06 13:25:00+00:00,XAU/USD,5min,1,SHORT,SETUP_00184,3611.2,3607.8,35.0,8,1,2,1.1282,3.014,BSL_SWING_HIGH,21700,0.206,0.26,MSS_BEARISH,21661,SHORT,0.768,MODERATE,DOWNTREND,OB,3609.22,3609.02,3608.79,3609.79,3604.4,0.0,30.0,3.63,0.0,,21702,21705,TP1,3604.4,4.39,0.18,5.6,3,new_york
2025-09-09 07:35:00+00:00,XAU/USD,5min,1,SHORT,SETUP_00186,3660.42,3646.34,70.0,17,2,2,3.3075,3.477,BSL_PDH,22099,0.374,1.68,MSS_BEARISH,22107,SHORT,0.712,MODERATE,DOWNTREND,BB,3661.01,3658.41,3658.18,3662.66,3588.12,0.0,25.0,15.02,0.0,,22113,22132,SL,3662.71,-1.011,5.43,7.97,19,london
2025-09-09 16:10:00+00:00,XAU/USD,5min,1,SHORT,SETUP_00189,3664.37,3648.0,65.0,22,3,2,3.2144,3.04,BSL_PDH,22204,0.522,2.6,MSS_BEARISH,22204,SHORT,1.055,STRONG,DOWNTREND,BB,3660.27,3658.79,3658.56,3661.88,3650.44,0.0,35.0,2.28,0.0,,22216,22221,SL,3661.93,-1.015,3.32,2.71,5,new_york
2025-09-10 07:25:00+00:00,XAU/USD,5min,1,SHORT,SETUP_00190,3649.15,3645.15,40.0,36,1,1,1.9568,3.435,BSL_RANGE_HIGH,22398,0.854,1.78,MSS_BEARISH,22394,SHORT,0.74,MODERATE,DOWNTREND,OB,3648.63,3648.19,3647.96,3649.61,3639.0,0.0,35.0,4.83,0.0,,22399,22402,SL,3649.66,-1.03,2.35,1.72,3,london
2025-09-11 15:00:00+00:00,XAU/USD,5min,1,SHORT,SETUP_00195,3634.93,3620.09,65.0,27,4,2,3.5115,2.468,BSL_EQUAL_HIGHS,22776,0.349,1.4,MSS_BEARISH,22769,SHORT,0.731,MODERATE,DOWNTREND,OB,3630.4,3630.0,3629.77,3632.16,3618.76,0.0,35.0,4.24,0.0,,22778,22781,SL,3632.21,-1.021,3.3,2.26,3,new_york
2025-09-12 07:35:00+00:00,XAU/USD,5min,1,SHORT,SETUP_00196,3652.21,3648.0,70.0,21,2,3,1.4126,3.003,BSL_RANGE_HIGH,22973,0.203,0.33,MSS_BEARISH,22971,SHORT,1.778,STRONG,DOWNTREND,OB,3649.98,3649.57,3649.34,3650.69,3643.79,0.0,30.0,3.55,0.0,,22977,22984,TP1,3643.79,4.111,0.78,7.33,7,london
2025-09-16 13:40:00+00:00,XAU/USD,5min,1,SHORT,SETUP_00213,3704.94,3697.4,55.0,10,2,4,2.9397,2.898,BSL_RANGE_HIGH,23819,1.391,4.09,MSS_BEARISH,23794,SHORT,2.514,STRONG,DOWNTREND,OB,3705.51,3705.3,3705.08,3706.97,3688.72,0.0,35.0,7.82,0.0,,23819,23820,SL,3707.02,-1.026,2.85,0.87,1,new_york
2025-09-16 14:30:00+00:00,XAU/USD,5min,1,SHORT,SETUP_00214,3710.84,3702.8,35.0,12,1,1,3.797,2.705,BSL_SWING_HIGH,23829,0.624,2.37,BOS_BEARISH,23822,SHORT,0.631,MODERATE_BOS,DOWNTREND,BB,3704.05,3703.85,3703.62,3705.95,3688.67,0.0,35.0,5.92,0.0,,23829,23830,SL,3706.0,-1.021,3.51,1.62,1,new_york
2025-09-17 11:50:00+00:00,XAU/USD,5min,1,SHORT,SETUP_00215,3682.11,3675.67,55.0,52,2,2,1.9623,3.116,BSL_SWING_HIGH,24085,0.566,1.11,BOS_BEARISH,24083,SHORT,0.905,MODERATE_BOS,DOWNTREND,BB,3680.29,3679.67,3679.44,3681.27,3669.23,0.0,25.0,5.02,0.0,,24085,24088,SL,3681.32,-1.027,3.5,2.33,3,london
2025-09-18 10:10:00+00:00,XAU/USD,5min,1,SHORT,SETUP_00217,3671.25,3663.71,35.0,13,4,1,1.9581,3.035,BSL_SWING_HIGH,24353,0.592,1.16,MSS_BEARISH,24315,SHORT,0.733,MODERATE,DOWNTREND,BB,3667.42,3666.37,3666.14,3668.4,3657.59,0.0,35.0,3.45,0.0,,24353,24364,SL,3668.45,-1.022,2.82,2.13,11,london
2025-09-18 11:45:00+00:00,XAU/USD,5min,1,SHORT,SETUP_00218,3671.25,3663.71,35.0,32,4,1,1.9755,3.035,BSL_SWING_HIGH,24368,0.735,1.46,MSS_BEARISH,24370,SHORT,1.337,STRONG,DOWNTREND,OB,3670.04,3667.26,3667.03,3671.03,3657.59,0.0,35.0,2.22,0.0,,24372,24375,SL,3671.08,-1.013,6.46,0.0,3,london
2025-09-18 13:05:00+00:00,XAU/USD,5min,1,SHORT,SETUP_00219,3671.25,3663.71,35.0,48,4,1,2.6551,3.035,BSL_SWING_HIGH,24386,0.693,1.76,BOS_BEARISH,24386,SHORT,1.024,MODERATE_BOS,DOWNTREND,BB,3665.38,3664.89,3664.66,3666.71,3657.59,0.0,35.0,3.11,0.0,,24388,24393,TP1,3657.59,3.449,0.76,10.12,5,new_york
2025-09-19 12:00:00+00:00,XAU/USD,5min,1,SHORT,SETUP_00220,3659.08,3653.76,55.0,8,3,4,1.7924,2.968,BSL_SWING_HIGH,24653,0.794,0.82,MSS_BEARISH,24656,SHORT,1.049,STRONG,DOWNTREND,BB,3658.54,3658.13,3657.38,3659.44,3648.44,0.0,30.0,2.99,0.0,,24663,24666,SL,3659.49,-1.024,2.59,2.63,3,new_york
2025-09-19 12:30:00+00:00,XAU/USD,5min,1,SHORT,SETUP_00221,3659.08,3653.76,55.0,14,3,4,2.144,2.968,BSL_RANGE_HIGH,24667,0.315,0.69,BOS_BEARISH,24667,SHORT,1.123,MODERATE_BOS,DOWNTREND,BB,3659.38,3657.28,3656.53,3660.45,3650.5,0.0,35.0,1.15,0.0,,24669,24678,SL,3660.5,-1.013,4.47,3.78,9,new_york
2026-01-09 08:15:00+00:00,XAU/USD,5min,1,SHORT,SETUP_00228,4476.094,4470.15496,50.0,21,8,1,2.8603,2.197,BSL_RANGE_HIGH,25201,0.435,1.383,MSS_BEARISH,25189,SHORT,0.388,MODERATE,RANGING,OB,4476.09,4474.84,4474.62,4477.52,4464.22,0.0,30.0,3.32,0.0,,25203,25248,SL,4477.57,-1.017,3.92,9.95,45,london
2026-01-13 09:15:00+00:00,XAU/USD,5min,1,SHORT,SETUP_00233,4595.90679,4586.95334,35.0,11,2,1,2.7913,3.121,BSL_RANGE_HIGH,26353,0.163,0.564,MSS_BEARISH,26341,SHORT,0.878,MODERATE,RANGING,BB,4595.92,4593.24,4593.01,4597.31,4578.24,0.0,35.0,3.26,0.0,,26367,26414,SL,4597.36,-1.012,10.9,13.99,47,london
2026-01-14 12:10:00+00:00,XAU/USD,5min,1,SHORT,SETUP_00234,4634.96533,4627.65233,65.0,31,2,2,3.0312,2.683,BSL_EQUAL_HIGHS,26690,0.17,0.515,MSS_BEARISH,26685,SHORT,0.305,MODERATE,RANGING,BB,4636.86,4636.39,4635.64,4638.37,4626.77,0.0,35.0,2.38,0.0,,26690,26694,SL,4638.42,-1.018,2.94,1.26,4,new_york
2026-01-14 13:25:00+00:00,XAU/USD,5min,1,LONG,SETUP_00235,4639.38287,4628.77268,55.0,9,2,3,3.7304,3.341,SSL_RANGE_LOW,26705,0.581,2.169,MSS_BULLISH,26695,LONG,0.387,MODERATE,RANGING,BB,4627.43,4625.07,4627.65,4623.2,4632.92,0.0,35.0,1.1,0.0,,26705,26706,TP1,4632.92,1.184,0.37,6.02,1,new_york
2026-01-14 14:30:00+00:00,XAU/USD,5min,1,LONG,SETUP_00236,4639.38287,4628.77268,55.0,22,2,3,3.9718,3.341,SSL_EQUAL_LOWS,26718,0.543,2.158,BOS_BULLISH,26707,LONG,0.324,MODERATE_BOS,RANGING,OB,4631.0,4630.24,4631.22,4628.25,4637.83,0.0,35.0,2.04,0.0,,26718,26719,SL,4628.2,-1.017,8.14,0.52,1,new_york
2026-01-15 12:10:00+00:00,XAU/USD,5min,1,SHORT,SETUP_00237,4622.32143,4617.6064,65.0,15,2,5,2.379,2.117,BSL_SWING_HIGH,26972,0.227,0.52,MSS_BEARISH,26923,SHORT,1.319,STRONG,RANGING,SR,4618.1,4617.11,4616.89,4619.29,4612.89,0.0,30.0,1.48,0.0,,26978,26987,TP1,4612.89,1.667,2.16,4.46,9,new_york
2026-01-16 09:35:00+00:00,XAU/USD,5min,1,LONG,SETUP_00242,4610.9226,4597.56872,35.0,31,3,1,2.5084,3.423,SSL_SWING_LOW,27232,0.168,0.458,BOS_BULLISH,27206,LONG,1.149,MODERATE_BOS,RANGING,BB,4599.15,4596.94,4599.37,4595.69,4610.77,0.0,35.0,2.91,0.0,,27235,27245,TP1,4610.77,3.098,0.0,11.65,10,london
2026-01-16 10:50:00+00:00,XAU/USD,5min,1,SHORT,SETUP_00243,4610.9226,4597.56872,35.0,46,3,1,2.3247,3.423,BSL_SWING_HIGH,27250,0.221,0.513,MSS_BEARISH,27248,SHORT,0.437,MODERATE,RANGING,BB,4607.64,4606.07,4605.84,4608.8,4594.22,0.0,35.0,3.66,0.0,,27250,27256,SL,4608.85,-1.017,3.84,7.08,6,london
2026-01-19 08:20:00+00:00,XAU/USD,5min,1,LONG,SETUP_00245,4686.1434,4661.0329,50.0,108,1,1,3.2765,3.45,SSL_EQUAL_LOWS,28079,0.662,1.921,MSS_BULLISH,28072,LONG,0.63,MODERATE,RANGING,BB,4668.75,4667.81,4668.98,4666.18,4686.14,0.0,35.0,5.71,0.0,,28084,28089,SL,4666.13,-1.018,3.5,1.53,5,london
2026-01-19 12:55:00+00:00,XAU/USD,5min,1,LONG,SETUP_00247,4673.13863,4666.01763,35.0,8,3,1,2.3574,3.021,SSL_EQUAL_LOWS,28130,0.206,0.576,BOS_BULLISH,28131,LONG,1.582,MODERATE_BOS,RANGING,BB,4670.87,4668.01,4671.09,4666.83,4680.26,0.0,30.0,2.03,0.0,,28139,28150,SL,4666.78,-1.012,4.97,1.53,11,new_york
2026-01-19 14:30:00+00:00,XAU/USD,5min,1,SHORT,SETUP_00248,4673.13863,4666.01763,35.0,27,3,1,2.1114,3.021,BSL_SWING_HIGH,28155,0.177,0.438,MSS_BEARISH,28151,SHORT,0.317,MODERATE,RANGING,BB,4669.72,4669.35,4669.12,4670.78,4662.04,0.0,35.0,3.78,0.0,,28158,28172,SL,4670.83,-1.03,2.62,4.83,14,new_york
2026-01-21 08:55:00+00:00,XAU/USD,5min,1,SHORT,SETUP_00249,4869.55738,4855.33843,65.0,11,2,2,4.6331,2.737,BSL_SWING_HIGH,28651,0.153,1.174,MSS_BEARISH,28665,SHORT,0.711,MODERATE,RANGING,BB,4860.19,4854.43,4854.21,4862.5,4841.12,0.0,30.0,1.52,0.0,,28667,28670,SL,4862.55,-1.006,8.35,0.95,3,london
2026-01-21 10:00:00+00:00,XAU/USD,5min,1,LONG,SETUP_00250,4869.55738,4855.33843,65.0,24,2,2,4.7318,2.737,SSL_SWING_LOW,28680,1.335,6.318,BOS_BULLISH,28678,LONG,0.426,MODERATE_BOS,UPTREND,OB,4860.91,4858.96,4861.13,4856.59,4869.55,0.0,35.0,1.75,0.0,,28680,28696,TP1,4869.55,1.855,1.69,12.09,16,london
2026-01-22 12:30:00+00:00,XAU/USD,5min,1,SHORT,SETUP_00252,4836.01921,4824.24577,65.0,24,2,3,2.8187,3.288,BSL_SWING_HIGH,28998,0.461,1.301,MSS_BEARISH,28986,SHORT,0.343,MODERATE,RANGING,BB,4836.54,4832.52,4832.29,4837.95,4822.22,0.0,35.0,1.7,0.0,,28998,29003,TP1,4822.22,1.779,0.0,13.53,5,new_york
2026-01-23 07:20:00+00:00,XAU/USD,5min,1,SHORT,SETUP_00254,4960.69257,4947.39771,50.0,15,2,1,3.6998,3.302,BSL_SWING_HIGH,29224,0.346,1.282,MSS_BEARISH,29221,SHORT,0.444,MODERATE,RANGING,BB,4958.15,4955.94,4955.71,4960.0,4939.49,0.0,35.0,3.59,0.0,,29224,29235,TP1,4939.49,3.781,1.44,17.48,11,london
2026-05-18 09:40:00+00:00,XAU/USD,5min,1,SHORT,SETUP_00255,4553.07902,4542.81468,35.0,19,1,2,4.452,2.608,BSL_SWING_HIGH,31082,0.158,0.672,MSS_BEARISH,31056,SHORT,0.789,MODERATE,RANGING,OB,4543.78,4543.45,4543.23,4546.01,4529.89,0.0,35.0,4.45,0.0,,31084,31097,SL,4546.06,-1.018,4.24,9.57,13,london
2026-05-20 09:25:00+00:00,XAU/USD,5min,1,SHORT,SETUP_00257,4488.93478,4474.4696,75.0,25,2,2,4.3468,2.592,BSL_EQUAL_HIGHS,31657,0.936,4.068,MSS_BEARISH,31639,SHORT,0.48,MODERATE,DOWNTREND,OB,4482.01,4479.61,4479.39,4484.19,4460.0,0.0,50.0,3.86,0.0,,31657,31660,SL,4484.24,-1.01,5.13,6.79,3,london
2026-05-21 09:35:00+00:00,XAU/USD,5min,1,SHORT,SETUP_00259,4535.7645,4520.84444,35.0,18,2,1,4.0192,3.139,BSL_RANGE_HIGH,31947,0.154,0.617,MSS_BEARISH,31920,SHORT,0.632,MODERATE,RANGING,BB,4538.48,4536.34,4536.12,4540.49,4527.3,0.0,35.0,1.9,0.0,,31947,31957,TP1,4527.3,2.018,0.0,19.2,10,london
2026-05-21 11:55:00+00:00,XAU/USD,5min,1,LONG,SETUP_00260,4519.4389,4506.3314,45.0,17,4,1,4.4426,2.392,SSL_SWING_LOW,31964,0.816,5.151,MSS_BULLISH,31972,LONG,0.754,MODERATE,RANGING,OB,4512.17,4510.93,4512.39,4508.71,4535.34,0.0,35.0,5.89,0.0,,31975,31980,SL,4508.66,-1.014,5.25,7.75,5,london
2026-05-22 08:50:00+00:00,XAU/USD,5min,1,LONG,SETUP_00261,4526.52544,4510.88344,50.0,34,4,1,3.3738,3.239,SSL_SWING_LOW,32226,0.442,1.49,MSS_BULLISH,32219,LONG,0.394,MODERATE,RANGING,FVG,4523.9,4522.84,4524.12,4521.15,4529.92,0.0,35.0,1.79,0.0,,32226,32228,SL,4521.1,-1.017,3.42,0.56,2,london
2026-05-22 09:35:00+00:00,XAU/USD,5min,1,LONG,SETUP_00262,4526.52544,4510.88344,50.0,43,4,1,4.3452,3.239,SSL_EQUAL_LOWS,32235,1.679,7.297,MSS_BULLISH,32231,LONG,0.723,MODERATE,RANGING,OB,4521.99,4519.89,4522.21,4517.71,4527.63,0.0,35.0,1.12,0.0,,32235,32237,TP1,4527.63,1.204,0.0,5.8,2,london
2026-05-22 16:50:00+00:00,XAU/USD,5min,1,SHORT,SETUP_00263,4521.61331,4510.59991,35.0,19,4,1,3.9773,2.879,BSL_RANGE_HIGH,32319,0.563,2.129,BOS_BEARISH,32303,SHORT,0.582,MODERATE_BOS,RANGING,BB,4516.77,4515.42,4515.2,4518.76,4510.9,0.0,35.0,1.1,0.0,,32322,32324,SL,4518.81,-1.014,3.6,1.75,2,new_york
2026-05-25 07:10:00+00:00,XAU/USD,5min,1,SHORT,SETUP_00264,4565.19424,4553.93933,70.0,9,2,3,3.2796,3.454,BSL_SWING_HIGH,33066,0.27,0.746,MSS_BEARISH,33068,SHORT,1.039,STRONG,RANGING,BB,4562.62,4562.42,4562.19,4564.26,4557.82,0.0,35.0,1.88,0.0,,33070,33071,TP1,4557.82,2.111,1.08,6.76,1,london
2026-05-25 07:50:00+00:00,XAU/USD,5min,1,LONG,SETUP_00265,4565.19424,4553.93933,70.0,17,2,3,3.9974,3.454,SSL_EQUAL_LOWS,33077,0.19,0.783,BOS_BULLISH,33072,LONG,1.047,MODERATE_BOS,RANGING,OB,4563.27,4556.28,4563.49,4554.28,4579.57,0.0,35.0,1.69,0.0,,33078,33086,SL,4554.23,-1.005,9.68,1.93,8,london
2026-05-25 13:20:00+00:00,XAU/USD,5min,1,LONG,SETUP_00268,4569.96618,4554.59135,35.0,11,5,1,4.5589,3.408,SSL_EQUAL_LOWS,33141,1.175,5.301,BOS_BULLISH,33098,LONG,2.069,MODERATE_BOS,RANGING,BB,4563.0,4557.26,4563.22,4554.98,4579.57,0.0,35.0,1.92,0.0,,33144,33216,TIMEOUT,4571.28,0.978,2.22,14.36,72,new_york
2026-05-26 15:55:00+00:00,XAU/USD,5min,1,SHORT,SETUP_00273,4521.94574,4503.4902,35.0,52,1,1,3.7985,3.484,BSL_SWING_HIGH,33451,0.41,2.024,BOS_BEARISH,33460,SHORT,0.699,MODERATE_BOS,RANGING,BB,4514.52,4507.95,4507.72,4516.42,4485.03,0.0,25.0,2.54,0.0,,33463,33489,TP1,4485.03,2.608,2.68,25.02,26,new_york
2024-04-15 11:20:00+00:00,XAU/USD,5min,1,SHORT,SETUP_00007,0.0,0.0,0.0,0,0,0,2.0919,0.0,BSL_SWING_HIGH,1025,0.186,0.29,MSS_BEARISH,981,SHORT,0.716,MODERATE,RANGING,BB,2359.66,2359.12,2358.9,2360.71,2355.19,0.0,35.0,1.78,0.0,NO_VALID_RANGE,-1,-1,,0.0,0.0,0.0,0.0,0,london
2024-04-19 13:40:00+00:00,XAU/USD,5min,1,LONG,SETUP_00022,0.0,0.0,0.0,0,0,0,3.2259,0.0,SSL_SWING_LOW,2161,0.268,0.85,BOS_BULLISH,2162,LONG,0.826,MODERATE_BOS,RANGING,BB,2383.52,2381.4,2383.75,2379.79,2392.85,0.0,35.0,2.16,0.0,NO_VALID_RANGE,-1,-1,,0.0,0.0,0.0,0.0,0,new_york
2024-04-22 10:45:00+00:00,XAU/USD,5min,1,LONG,SETUP_00023,0.0,0.0,0.0,0,0,0,1.3457,0.0,SSL_SWING_LOW,2391,0.65,0.84,BOS_BULLISH,2350,LONG,0.746,MODERATE_BOS,RANGING,OB,2356.66,2356.03,2356.88,2355.36,2387.86,0.0,30.0,18.09,0.0,NO_VALID_RANGE,-1,-1,,0.0,0.0,0.0,0.0,0,london
2024-04-23 10:35:00+00:00,XAU/USD,5min,1,LONG,SETUP_00026,2314.65991,2295.77002,40.0,107,4,1,2.1958,3.354,SSL_EQUAL_LOWS,2667,0.572,1.255,BOS_BULLISH,2651,LONG,0.649,MODERATE_BOS,DOWNTREND,OB,2300.74,2297.55,2300.96,2296.45,2309.89,0.0,35.0,1.87,0.0,HTF_NOT_BULLISH,-1,-1,,0.0,0.0,0.0,0.0,0,london
2024-04-23 11:05:00+00:00,XAU/USD,5min,1,LONG,SETUP_00027,2314.65991,2295.77002,40.0,113,4,1,2.0887,3.354,SSL_EQUAL_LOWS,2667,0.572,1.255,BOS_BULLISH,2651,LONG,0.649,MODERATE_BOS,DOWNTREND,OB,2300.74,2297.55,2300.96,2296.51,2309.89,0.0,35.0,1.89,0.0,HTF_NOT_BULLISH,-1,-1,,0.0,0.0,0.0,0.0,0,london
2024-04-23 11:15:00+00:00,XAU/USD,5min,1,LONG,SETUP_00028,2314.65991,2295.77002,40.0,115,4,1,2.1111,3.354,SSL_EQUAL_LOWS,2667,0.572,1.255,BOS_BULLISH,2651,LONG,0.649,MODERATE_BOS,DOWNTREND,OB,2300.74,2297.55,2300.96,2296.49,2309.89,0.0,35.0,1.88,0.0,HTF_NOT_BULLISH,-1,-1,,0.0,0.0,0.0,0.0,0,london
2024-04-23 11:45:00+00:00,XAU/USD,5min,1,LONG,SETUP_00029,2314.65991,2295.77002,40.0,121,4,1,1.739,3.354,SSL_EQUAL_LOWS,2667,0.572,1.255,BOS_BULLISH,2651,LONG,0.649,MODERATE_BOS,DOWNTREND,OB,2300.74,2297.55,2300.96,2296.68,2309.89,0.0,35.0,1.96,0.0,HTF_NOT_BULLISH,-1,-1,,0.0,0.0,0.0,0.0,0,london
2024-08-14 12:45:00+00:00,XAU/USD,5min,1,SHORT,SETUP_00046,0.0,0.0,0.0,0,0,0,4.6106,0.0,BSL_PDH,5219,0.629,2.9,BOS_BEARISH,5217,SHORT,1.31,MODERATE_BOS,RANGING,BB,2470.39,2469.94,2469.19,2472.7,2462.31,0.0,35.0,1.47,0.0,NO_VALID_RANGE,-1,-1,,0.0,0.0,0.0,0.0,0,new_york
2024-08-14 12:55:00+00:00,XAU/USD,5min,1,SHORT,SETUP_00047,0.0,0.0,0.0,0,0,0,4.4219,0.0,BSL_PDH,5221,0.398,1.76,BOS_BEARISH,5217,SHORT,1.31,MODERATE_BOS,RANGING,BB,2470.39,2469.94,2469.19,2472.6,2462.31,0.0,35.0,1.5,0.0,NO_VALID_RANGE,-1,-1,,0.0,0.0,0.0,0.0,0,new_york
2024-08-16 13:15:00+00:00,XAU/USD,5min,1,SHORT,SETUP_00049,0.0,0.0,0.0,0,0,0,4.2079,0.0,BSL_SWING_HIGH,5769,0.815,1.76,MSS_BEARISH,5774,SHORT,0.729,MODERATE,RANGING,OB,2491.6,2485.99,2485.76,2493.7,2461.27,0.0,35.0,3.0,0.0,NO_VALID_RANGE,-1,-1,,0.0,0.0,0.0,0.0,0,new_york
2024-08-19 08:50:00+00:00,XAU/USD,5min,1,SHORT,SETUP_00051,2505.77002,2499.30005,70.0,75,3,2,1.4622,3.383,BSL_EQUAL_HIGHS,5997,0.236,0.347,BOS_BEARISH,5986,SHORT,0.704,MODERATE_BOS,UPTREND,BB,2503.69,2503.1,2502.88,2504.42,2499.79,0.0,35.0,1.69,0.0,HTF_NOT_BEARISH,-1,-1,,0.0,0.0,0.0,0.0,0,london
2024-08-19 09:05:00+00:00,XAU/USD,5min,1,SHORT,SETUP_00052,2505.77002,2499.30005,70.0,78,3,2,1.2851,3.383,BSL_SWING_HIGH,6002,0.731,0.94,BOS_BEARISH,5986,SHORT,0.704,MODERATE_BOS,UPTREND,BB,2503.69,2503.1,2502.88,2504.33,2499.79,0.0,35.0,1.78,0.0,HTF_NOT_BEARISH,-1,-1,,0.0,0.0,0.0,0.0,0,london
2024-08-19 09:20:00+00:00,XAU/USD,5min,1,SHORT,SETUP_00053,2505.77002,2499.30005,70.0,81,3,2,1.1319,3.383,BSL_SWING_HIGH,6005,0.636,0.72,BOS_BEARISH,5986,SHORT,0.704,MODERATE_BOS,UPTREND,BB,2503.69,2503.1,2502.88,2504.26,2499.79,0.0,35.0,1.87,0.0,HTF_NOT_BEARISH,-1,-1,,0.0,0.0,0.0,0.0,0,london
2024-08-22 09:40:00+00:00,XAU/USD,5min,1,SHORT,SETUP_00059,0.0,0.0,0.0,0,0,0,1.5949,0.0,BSL_RANGE_HIGH,6833,0.374,0.6,MSS_BEARISH,6819,SHORT,0.417,MODERATE,RANGING,OB,2509.18,2507.6,2507.38,2509.98,2501.05,0.0,35.0,2.22,0.0,NO_VALID_RANGE,-1,-1,,0.0,0.0,0.0,0.0,0,london
2024-08-22 09:55:00+00:00,XAU/USD,5min,1,SHORT,SETUP_00060,0.0,0.0,0.0,0,0,0,1.5647,0.0,BSL_RANGE_HIGH,6833,0.374,0.6,MSS_BEARISH,6819,SHORT,0.417,MODERATE,RANGING,OB,2509.18,2507.6,2507.38,2509.96,2501.05,0.0,35.0,2.23,0.0,NO_VALID_RANGE,-1,-1,,0.0,0.0,0.0,0.0,0,london
2024-08-30 10:30:00+00:00,XAU/USD,5min,1,SHORT,SETUP_00070,0.0,0.0,0.0,0,0,0,1.3965,0.0,BSL_SWING_HIGH,8499,0.209,0.28,MSS_BEARISH,8498,SHORT,1.462,STRONG,UPTREND,BB,2522.57,2519.03,2518.81,2523.27,2512.42,0.0,35.0,1.34,0.0,HTF_NOT_BEARISH,-1,-1,,0.0,0.0,0.0,0.0,0,london
2024-08-30 10:40:00+00:00,XAU/USD,5min,1,SHORT,SETUP_00071,0.0,0.0,0.0,0,0,0,1.6564,0.0,BSL_SWING_HIGH,8499,0.209,0.28,MSS_BEARISH,8498,SHORT,1.462,STRONG,UPTREND,BB,2522.57,2519.03,2518.81,2523.4,2512.42,0.0,35.0,1.3,0.0,HTF_NOT_BEARISH,-1,-1,,0.0,0.0,0.0,0.0,0,london
2024-08-30 12:00:00+00:00,XAU/USD,5min,1,SHORT,SETUP_00072,2520.02002,2515.060059,55.0,19,4,2,1.3509,2.703,BSL_RANGE_HIGH,8517,0.189,0.29,MSS_BEARISH,8498,SHORT,1.462,STRONG,RANGING,BB,2522.57,2519.03,2518.28,2523.25,2510.1,0.0,25.0,1.32,0.0,SL_TOO_WIDE,-1,-1,,0.0,0.0,0.0,0.0,0,new_york
2024-08-30 12:25:00+00:00,XAU/USD,5min,1,SHORT,SETUP_00073,0.0,0.0,0.0,0,0,0,1.7495,0.0,BSL_EQUAL_HIGHS,8522,0.259,0.397,MSS_BEARISH,8498,SHORT,1.462,STRONG,RANGING,OB,2524.23,2523.88,2523.13,2525.1,2512.44,0.0,35.0,3.74,0.0,NO_VALID_RANGE,-1,-1,,0.0,0.0,0.0,0.0,0,new_york
2024-09-02 08:15:00+00:00,XAU/USD,5min,1,LONG,SETUP_00076,2499.02002,2492.63989,70.0,78,3,2,1.9414,3.086,SSL_SESSION_LOW,8744,0.251,0.38,BOS_BULLISH,8748,LONG,0.316,MODERATE_BOS,DOWNTREND,BB,2498.1,2496.55,2498.33,2495.58,2504.85,0.0,35.0,2.17,0.0,HTF_NOT_BULLISH,-1,-1,,0.0,0.0,0.0,0.0,0,london
2024-09-03 10:50:00+00:00,XAU/USD,5min,1,SHORT,SETUP_00079,0.0,0.0,0.0,0,0,0,1.6138,0.0,BSL_EQUAL_HIGHS,9022,0.59,0.85,MSS_BEARISH,9021,SHORT,0.875,MODERATE,RANGING,BB,2496.81,2496.56,2496.34,2497.62,2490.12,0.0,35.0,4.15,0.0,NO_VALID_RANGE,-1,-1,,0.0,0.0,0.0,0.0,0,london
2024-09-06 12:30:00+00:00,XAU/USD,5min,1,LONG,SETUP_00082,0.0,0.0,0.0,0,0,0,4.1356,0.0,SSL_EQUAL_LOWS,9875,2.101,8.69,MSS_BULLISH,9873,LONG,0.849,MODERATE,RANGING,BB,2518.14,2516.98,2518.89,2514.91,0.0,0.0,0.0,0.0,0.0,NO_VALID_RANGE,-1,-1,,0.0,0.0,0.0,0.0,0,new_york
2024-12-17 08:15:00+00:00,XAU/USD,5min,1,LONG,SETUP_00086,0.0,0.0,0.0,0,0,0,1.5888,0.0,SSL_SWING_LOW,10438,0.207,0.35,MSS_BULLISH,10436,LONG,0.304,MODERATE,RANGING,OB,2649.79,2647.23,2650.02,2646.44,2654.75,0.0,35.0,1.21,0.0,NO_VALID_RANGE,-1,-1,,0.0,0.0,0.0,0.0,0,london
2024-12-23 07:55:00+00:00,XAU/USD,5min,1,SHORT,SETUP_00092,2632.92993,2628.19995,70.0,19,2,3,1.364,2.872,BSL_SESSION_HIGH,11546,0.234,0.34,MSS_BEARISH,11539,SHORT,1.065,STRONG,UPTREND,OB,2632.47,2630.36,2630.14,2633.15,2621.85,0.0,35.0,2.54,0.0,HTF_NOT_BEARISH,-1,-1,,0.0,0.0,0.0,0.0,0,london
2024-12-23 08:25:00+00:00,XAU/USD,5min,1,SHORT,SETUP_00093,2632.92993,2628.19995,70.0,25,2,3,1.7236,2.872,BSL_SWING_HIGH,11550,0.238,0.39,MSS_BEARISH,11539,SHORT,1.065,STRONG,UPTREND,OB,2632.47,2630.36,2630.14,2633.33,2621.85,0.0,35.0,2.41,0.0,HTF_NOT_BEARISH,-1,-1,,0.0,0.0,0.0,0.0,0,london
2024-12-23 08:50:00+00:00,XAU/USD,5min,1,SHORT,SETUP_00094,2632.92993,2628.19995,70.0,30,2,3,1.7079,2.872,BSL_SESSION_HIGH,11559,0.251,0.42,MSS_BEARISH,11539,SHORT,1.065,STRONG,UPTREND,OB,2632.47,2630.36,2630.14,2633.32,2621.85,0.0,35.0,2.41,0.0,HTF_NOT_BEARISH,-1,-1,,0.0,0.0,0.0,0.0,0,london
2024-12-23 09:00:00+00:00,XAU/USD,5min,1,SHORT,SETUP_00095,2632.92993,2628.19995,70.0,32,2,3,1.5813,2.872,BSL_SESSION_HIGH,11559,0.251,0.42,MSS_BEARISH,11539,SHORT,1.065,STRONG,UPTREND,OB,2632.47,2630.36,2630.14,2633.26,2621.85,0.0,35.0,2.46,0.0,HTF_NOT_BEARISH,-1,-1,,0.0,0.0,0.0,0.0,0,london
2024-12-23 09:10:00+00:00,XAU/USD,5min,1,SHORT,SETUP_00096,2632.92993,2628.19995,70.0,34,2,3,1.5149,2.872,BSL_SESSION_HIGH,11559,0.251,0.42,MSS_BEARISH,11539,SHORT,1.065,STRONG,UPTREND,OB,2632.47,2630.36,2630.14,2633.23,2621.85,0.0,35.0,2.48,0.0,HTF_NOT_BEARISH,-1,-1,,0.0,0.0,0.0,0.0,0,london
2024-12-26 13:30:00+00:00,XAU/USD,5min,1,SHORT,SETUP_00100,2631.13989,2625.72998,55.0,10,3,4,1.9036,3.343,BSL_SWING_HIGH,12129,0.567,1.08,MSS_BEARISH,12124,SHORT,0.483,MODERATE,RANGING,OB,2630.38,2626.76,2626.54,2631.33,2615.23,0.0,35.0,2.24,0.0,SL_TOO_WIDE,-1,-1,,0.0,0.0,0.0,0.0,0,new_york
2024-12-26 16:30:00+00:00,XAU/USD,5min,1,SHORT,SETUP_00102,2639.12012,2633.68994,55.0,15,2,2,1.6553,3.026,,-1,0.0,0.0,BOS_BEARISH,12142,SHORT,0.301,MODERATE_BOS,RANGING,SR,2634.05,2633.33,2633.11,2634.88,2624.87,0.0,35.0,4.15,0.0,NO_BSL_SWEEP,-1,-1,,0.0,0.0,0.0,0.0,0,new_york
2024-12-26 16:50:00+00:00,XAU/USD,5min,1,SHORT,SETUP_00103,2639.12012,2633.68994,55.0,19,2,2,1.4164,3.026,,-1,0.0,0.0,BOS_BEARISH,12142,SHORT,0.301,MODERATE_BOS,RANGING,SR,2634.01,2633.37,2633.15,2634.71,2624.87,0.0,35.0,4.66,0.0,NO_BSL_SWEEP,-1,-1,,0.0,0.0,0.0,0.0,0,new_york
2024-12-27 13:15:00+00:00,XAU/USD,5min,1,SHORT,SETUP_00105,0.0,0.0,0.0,0,0,0,2.1134,0.0,BSL_SWING_HIGH,12396,0.328,0.49,MSS_BEARISH,12399,SHORT,1.232,STRONG,RANGING,BB,2626.68,2626.2,2625.97,2627.74,2623.72,0.0,35.0,1.07,0.0,NO_VALID_RANGE,-1,-1,,0.0,0.0,0.0,0.0,0,new_york
2025-01-06 09:00:00+00:00,XAU/USD,5min,1,LONG,SETUP_00112,2631.52002,2625.52002,55.0,20,3,5,2.0795,3.228,SSL_SWING_LOW,13729,0.346,0.72,MSS_BULLISH,13706,LONG,0.407,MODERATE,DOWNTREND,OB,2631.91,2631.35,2632.13,2630.31,2642.45,0.0,35.0,5.07,0.0,HTF_NOT_BULLISH,-1,-1,,0.0,0.0,0.0,0.0,0,london
2025-01-06 09:50:00+00:00,XAU/USD,5min,1,LONG,SETUP_00113,2634.3999,2627.34009,55.0,17,2,4,1.5711,3.437,SSL_SWING_LOW,13739,0.191,0.3,MSS_BULLISH,13706,LONG,0.407,MODERATE,DOWNTREND,OB,2631.91,2631.35,2632.13,2630.56,2641.46,0.0,30.0,5.24,0.0,HTF_NOT_BULLISH,-1,-1,,0.0,0.0,0.0,0.0,0,london
2025-01-06 10:15:00+00:00,XAU/USD,5min,1,LONG,SETUP_00114,2634.3999,2627.34009,55.0,22,2,4,1.4501,3.437,SSL_EQUAL_LOWS,13744,0.393,0.57,MSS_BULLISH,13706,LONG,0.407,MODERATE,DOWNTREND,OB,2631.91,2631.35,2632.13,2630.63,2642.45,0.0,30.0,6.02,0.0,HTF_NOT_BULLISH,-1,-1,,0.0,0.0,0.0,0.0,0,london
2025-01-06 10:30:00+00:00,XAU/USD,5min,1,LONG,SETUP_00115,2634.3999,2627.34009,55.0,25,2,4,1.3905,3.437,SSL_EQUAL_LOWS,13747,0.23,0.32,MSS_BULLISH,13706,LONG,0.407,MODERATE,DOWNTREND,OB,2631.91,2631.35,2632.13,2630.65,2642.45,0.0,30.0,6.13,0.0,HTF_NOT_BULLISH,-1,-1,,0.0,0.0,0.0,0.0,0,london
2025-01-06 10:40:00+00:00,XAU/USD,5min,1,LONG,SETUP_00116,2634.3999,2627.34009,55.0,27,2,4,1.3648,3.437,SSL_SWING_LOW,13748,0.185,0.25,MSS_BULLISH,13706,LONG,0.407,MODERATE,DOWNTREND,OB,2631.91,2631.35,2632.13,2630.67,2642.45,0.0,30.0,6.17,0.0,HTF_NOT_BULLISH,-1,-1,,0.0,0.0,0.0,0.0,0,london
2025-01-07 15:05:00+00:00,XAU/USD,5min,1,LONG,SETUP_00119,0.0,0.0,0.0,0,0,0,3.8627,0.0,SSL_RANGE_LOW,14068,0.537,1.4,MSS_BULLISH,14047,LONG,0.502,MODERATE,RANGING,BB,2644.39,2643.55,2644.61,2641.62,2649.47,0.0,35.0,1.48,0.0,NO_VALID_RANGE,-1,-1,,0.0,0.0,0.0,0.0,0,new_york
2025-01-09 08:00:00+00:00,XAU/USD,5min,1,LONG,SETUP_00121,0.0,0.0,0.0,0,0,0,1.4814,0.0,SSL_EQUAL_LOWS,14527,0.574,0.67,MSS_BULLISH,14537,LONG,0.338,MODERATE,RANGING,BB,2660.65,2659.79,2660.87,2659.05,2669.96,0.0,30.0,4.45,0.0,NO_VALID_RANGE,-1,-1,,0.0,0.0,0.0,0.0,0,london
2025-01-10 13:45:00+00:00,XAU/USD,5min,1,SHORT,SETUP_00123,0.0,0.0,0.0,0,0,0,4.6465,0.0,BSL_EQUAL_HIGHS,14886,0.311,0.67,MSS_BEARISH,14879,SHORT,0.458,MODERATE,RANGING,OB,2681.49,2681.15,2680.92,2683.81,2674.96,0.0,35.0,1.89,0.0,NO_VALID_RANGE,-1,-1,,0.0,0.0,0.0,0.0,0,new_york
2025-01-10 14:05:00+00:00,XAU/USD,5min,1,SHORT,SETUP_00124,0.0,0.0,0.0,0,0,0,4.6378,0.0,BSL_EQUAL_HIGHS,14894,0.803,3.725,MSS_BEARISH,14879,SHORT,0.458,MODERATE,RANGING,OB,2682.84,2682.64,2682.42,2685.16,2674.96,0.0,35.0,2.5,0.0,NO_VALID_RANGE,-1,-1,,0.0,0.0,0.0,0.0,0,new_york
2025-04-28 08:10:00+00:00,XAU/USD,5min,1,SHORT,SETUP_00126,3292.5,3283.8,40.0,20,1,2,2.6868,3.411,BSL_SWING_HIGH,15257,1.034,2.8,BOS_BEARISH,15257,SHORT,1.145,MODERATE_BOS,RANGING,BB,3292.1,3286.4,3286.17,3293.44,3275.1,0.0,30.0,1.46,0.0,SL_TOO_WIDE,-1,-1,,0.0,0.0,0.0,0.0,0,london
2025-04-28 08:25:00+00:00,XAU/USD,5min,1,SHORT,SETUP_00127,3292.5,3283.8,40.0,23,1,2,2.3103,3.411,BSL_SWING_HIGH,15257,1.034,2.8,BOS_BEARISH,15257,SHORT,1.145,MODERATE_BOS,RANGING,BB,3292.1,3286.4,3286.17,3293.26,3275.1,0.0,30.0,1.5,0.0,SL_TOO_WIDE,-1,-1,,0.0,0.0,0.0,0.0,0,london
2025-04-28 09:05:00+00:00,XAU/USD,5min,1,SHORT,SETUP_00128,3288.3,3279.18,55.0,9,2,2,2.6651,3.206,BSL_SWING_HIGH,15257,1.034,2.8,BOS_BEARISH,15257,SHORT,1.145,MODERATE_BOS,RANGING,BB,3292.1,3286.4,3286.17,3293.43,3270.06,0.0,25.0,2.14,0.0,SL_TOO_WIDE,-1,-1,,0.0,0.0,0.0,0.0,0,london
2025-04-28 10:35:00+00:00,XAU/USD,5min,1,SHORT,SETUP_00129,3288.3,3279.18,55.0,27,2,2,2.8562,3.206,,-1,0.0,0.0,BOS_BEARISH,15257,SHORT,1.145,MODERATE_BOS,RANGING,BB,3292.1,3286.4,3286.17,3293.53,3270.06,0.0,25.0,2.12,0.0,NO_BSL_SWEEP,-1,-1,,0.0,0.0,0.0,0.0,0,london
2025-05-07 08:00:00+00:00,XAU/USD,5min,1,SHORT,SETUP_00139,3395.69,3384.85,40.0,28,1,3,3.8584,3.17,BSL_SWING_HIGH,17434,0.521,2.01,MSS_BEARISH,17430,SHORT,0.825,MODERATE,UPTREND,OB,3389.82,3387.11,3386.88,3391.75,3374.01,0.0,30.0,2.52,0.0,HTF_NOT_BEARISH,-1,-1,,0.0,0.0,0.0,0.0,0,london
2025-05-07 08:10:00+00:00,XAU/USD,5min,1,SHORT,SETUP_00140,3395.69,3384.85,40.0,30,1,3,3.664,3.17,BSL_SWING_HIGH,17434,0.521,2.01,MSS_BEARISH,17430,SHORT,0.825,MODERATE,UPTREND,OB,3389.82,3387.11,3386.88,3391.65,3374.01,0.0,30.0,2.57,0.0,HTF_NOT_BEARISH,-1,-1,,0.0,0.0,0.0,0.0,0,london
2025-05-07 08:30:00+00:00,XAU/USD,5min,1,SHORT,SETUP_00141,3395.69,3384.85,40.0,34,1,3,3.5426,3.17,BSL_SWING_HIGH,17440,0.426,1.51,MSS_BEARISH,17430,SHORT,0.825,MODERATE,UPTREND,OB,3389.82,3387.11,3386.88,3391.59,3374.01,0.0,30.0,2.6,0.0,HTF_NOT_BEARISH,-1,-1,,0.0,0.0,0.0,0.0,0,london
2025-05-10 09:40:00+00:00,XAU/USD,5min,1,LONG,SETUP_00146,0.0,0.0,0.0,0,0,0,0.6863,0.0,SSL_SWING_LOW,18295,0.291,0.2,BOS_BULLISH,18270,LONG,1.197,MODERATE_BOS,RANGING,OB,3326.25,3326.05,3326.48,3325.48,3328.95,0.0,35.0,2.44,0.0,NO_VALID_RANGE,-1,-1,,0.0,0.0,0.0,0.0,0,london
2025-05-10 12:40:00+00:00,XAU/USD,5min,1,SHORT,SETUP_00148,0.0,0.0,0.0,0,0,0,1.0466,0.0,BSL_RANGE_HIGH,18320,0.697,0.5,MSS_BEARISH,18308,SHORT,0.318,MODERATE,RANGING,OB,3327.5,3325.3,3325.07,3328.02,3275.0,0.0,25.0,15.98,0.0,NO_VALID_RANGE,-1,-1,,0.0,0.0,0.0,0.0,0,new_york
2025-05-13 16:00:00+00:00,XAU/USD,5min,1,SHORT,SETUP_00153,0.0,0.0,0.0,0,0,0,3.5711,0.0,BSL_EQUAL_HIGHS,18842,0.246,0.878,MSS_BEARISH,18837,SHORT,0.456,MODERATE,RANGING,BB,3258.28,3255.8,3255.57,3260.07,3250.54,0.0,35.0,1.04,0.0,NO_VALID_RANGE,-1,-1,,0.0,0.0,0.0,0.0,0,new_york
2025-05-18 15:05:00+00:00,XAU/USD,5min,1,LONG,SETUP_00159,3208.9,3206.4,35.0,24,2,1,0.723,3.392,,-1,0.0,0.0,MSS_BULLISH,19940,LONG,0.359,MODERATE,RANGING,BB,3208.0,3206.9,3208.23,3206.54,3211.5,0.0,35.0,1.67,0.0,NO_SSL_SWEEP,-1,-1,,0.0,0.0,0.0,0.0,0,new_york
2025-08-30 12:15:00+00:00,XAU/USD,5min,1,SHORT,SETUP_00161,0.0,0.0,0.0,0,0,0,1.013,0.0,,-1,0.0,0.0,MSS_BEARISH,20040,SHORT,1.013,STRONG,DOWNTREND,OB,3462.59,3462.38,3462.16,3463.16,3206.0,0.0,30.0,231.34,0.0,NO_VALID_RANGE,-1,-1,,0.0,0.0,0.0,0.0,0,new_york
2025-08-30 12:25:00+00:00,XAU/USD,5min,1,SHORT,SETUP_00162,0.0,0.0,0.0,0,0,0,1.0039,0.0,,-1,0.0,0.0,MSS_BEARISH,20040,SHORT,1.013,STRONG,DOWNTREND,OB,3462.59,3462.38,3462.16,3463.16,3206.0,0.0,30.0,232.3,0.0,NO_VALID_RANGE,-1,-1,,0.0,0.0,0.0,0.0,0,new_york
2025-09-01 11:50:00+00:00,XAU/USD,5min,1,LONG,SETUP_00163,3489.0,3481.93,35.0,25,3,1,1.363,3.336,SSL_RANGE_LOW,20235,0.219,0.4,MSS_BULLISH,20238,LONG,0.635,MODERATE,DOWNTREND,OB,3482.75,3482.27,3482.98,3481.59,3498.99,0.0,30.0,10.14,0.0,HTF_NOT_BULLISH,-1,-1,,0.0,0.0,0.0,0.0,0,london
2025-09-01 12:00:00+00:00,XAU/USD,5min,1,LONG,SETUP_00164,3489.0,3481.93,35.0,27,3,1,1.2891,3.336,SSL_SWING_LOW,20245,0.714,0.92,MSS_BULLISH,20238,LONG,0.635,MODERATE,DOWNTREND,OB,3482.75,3482.27,3482.98,3481.63,3498.99,0.0,30.0,10.39,0.0,HTF_NOT_BULLISH,-1,-1,,0.0,0.0,0.0,0.0,0,new_york
2025-09-02 12:15:00+00:00,XAU/USD,5min,1,LONG,SETUP_00165,3508.99,3497.15,55.0,8,3,2,3.5601,3.326,SSL_SWING_LOW,20536,0.374,1.33,BOS_BULLISH,20532,LONG,0.901,MODERATE_BOS,DOWNTREND,BB,3500.38,3496.53,3500.61,3494.75,3515.04,0.0,35.0,2.37,0.0,HTF_NOT_BULLISH,-1,-1,,0.0,0.0,0.0,0.0,0,new_york
2025-09-02 13:40:00+00:00,XAU/USD,5min,1,LONG,SETUP_00166,3508.99,3497.15,55.0,25,3,2,3.9816,3.326,SSL_SWING_LOW,20552,0.352,1.3,BOS_BULLISH,20532,LONG,0.901,MODERATE_BOS,DOWNTREND,BB,3500.38,3496.53,3500.61,3494.54,3515.04,0.0,35.0,2.29,0.0,HTF_NOT_BULLISH,-1,-1,,0.0,0.0,0.0,0.0,0,new_york
2025-09-02 13:50:00+00:00,XAU/USD,5min,1,LONG,SETUP_00167,3508.99,3497.15,55.0,27,3,2,4.7804,3.326,SSL_RANGE_LOW,20555,0.257,1.23,BOS_BULLISH,20532,LONG,0.901,MODERATE_BOS,DOWNTREND,BB,3500.38,3496.53,3500.61,3494.14,3515.04,0.0,35.0,2.15,0.0,HTF_NOT_BULLISH,-1,-1,,0.0,0.0,0.0,0.0,0,new_york
2025-09-04 12:35:00+00:00,XAU/USD,5min,1,LONG,SETUP_00168,3554.77,3543.49,50.0,73,1,2,2.5539,3.189,SSL_SWING_LOW,21116,0.188,0.48,MSS_BULLISH,21104,LONG,2.015,STRONG,DOWNTREND,BB,3550.57,3550.25,3550.8,3548.97,3554.72,0.0,35.0,1.88,0.0,HTF_NOT_BULLISH,-1,-1,,0.0,0.0,0.0,0.0,0,new_york
2025-09-04 12:45:00+00:00,XAU/USD,5min,1,LONG,SETUP_00169,3554.77,3543.49,50.0,75,1,2,2.7728,3.189,SSL_SWING_LOW,21118,0.328,0.91,MSS_BULLISH,21104,LONG,2.015,STRONG,DOWNTREND,BB,3550.57,3550.25,3550.8,3548.86,3554.72,0.0,35.0,1.78,0.0,HTF_NOT_BULLISH,-1,-1,,0.0,0.0,0.0,0.0,0,new_york
2025-09-04 13:00:00+00:00,XAU/USD,5min,1,LONG,SETUP_00170,3554.77,3543.49,50.0,78,1,2,2.7735,3.189,SSL_SWING_LOW,21121,0.559,1.55,MSS_BULLISH,21104,LONG,2.015,STRONG,DOWNTREND,BB,3550.57,3550.25,3550.8,3548.86,3554.72,0.0,35.0,1.78,0.0,HTF_NOT_BULLISH,-1,-1,,0.0,0.0,0.0,0.0,0,new_york
2025-09-04 14:05:00+00:00,XAU/USD,5min,1,LONG,SETUP_00171,0.0,0.0,0.0,0,0,0,4.1411,0.0,SSL_EQUAL_LOWS,21134,0.691,2.86,MSS_BULLISH,21104,LONG,2.015,STRONG,DOWNTREND,OB,3548.29,3547.99,3548.52,3545.92,3554.98,0.0,35.0,2.27,0.0,HTF_NOT_BULLISH,-1,-1,,0.0,0.0,0.0,0.0,0,new_york
2025-09-04 14:25:00+00:00,XAU/USD,5min,1,LONG,SETUP_00172,0.0,0.0,0.0,0,0,0,4.0897,0.0,SSL_EQUAL_LOWS,21138,0.614,2.51,MSS_BULLISH,21104,LONG,2.015,STRONG,DOWNTREND,OB,3548.29,3547.99,3548.52,3545.95,3554.98,0.0,35.0,2.29,0.0,HTF_NOT_BULLISH,-1,-1,,0.0,0.0,0.0,0.0,0,new_york
2025-09-04 14:35:00+00:00,XAU/USD,5min,1,LONG,SETUP_00173,3557.18,3544.8,35.0,9,2,1,3.8107,3.172,SSL_SWING_LOW,21140,0.244,0.93,MSS_BULLISH,21104,LONG,2.015,STRONG,DOWNTREND,BB,3550.57,3550.25,3550.8,3548.34,3554.98,0.0,35.0,1.53,0.0,HTF_NOT_BULLISH,-1,-1,,0.0,0.0,0.0,0.0,0,new_york
2025-09-04 14:45:00+00:00,XAU/USD,5min,1,LONG,SETUP_00174,3557.18,3544.8,35.0,11,2,1,3.5083,3.172,SSL_SWING_LOW,21142,0.191,0.67,MSS_BULLISH,21104,LONG,2.015,STRONG,DOWNTREND,BB,3550.57,3550.25,3550.8,3548.5,3554.98,0.0,35.0,1.62,0.0,HTF_NOT_BULLISH,-1,-1,,0.0,0.0,0.0,0.0,0,new_york
2025-09-04 15:25:00+00:00,XAU/USD,5min,1,LONG,SETUP_00175,3557.18,3544.8,35.0,19,2,1,3.6777,3.172,SSL_EQUAL_LOWS,21150,0.984,3.62,MSS_BULLISH,21104,LONG,2.015,STRONG,DOWNTREND,BB,3550.57,3550.25,3550.8,3548.41,3554.98,0.0,35.0,1.57,0.0,HTF_NOT_BULLISH,-1,-1,,0.0,0.0,0.0,0.0,0,new_york
2025-09-05 07:25:00+00:00,XAU/USD,5min,1,SHORT,SETUP_00176,3561.62,3557.33,55.0,8,5,2,1.2799,3.352,BSL_SWING_HIGH,21326,0.678,0.98,MSS_BEARISH,21339,SHORT,1.651,STRONG,DOWNTREND,BB,3560.87,3558.42,3558.19,3561.51,3553.04,0.0,30.0,1.43,0.0,SL_TOO_WIDE,-1,-1,,0.0,0.0,0.0,0.0,0,london
2025-09-05 10:05:00+00:00,XAU/USD,5min,1,SHORT,SETUP_00177,0.0,0.0,0.0,0,0,0,1.2784,0.0,BSL_SWING_HIGH,21358,0.53,0.82,MSS_BEARISH,21339,SHORT,1.651,STRONG,DOWNTREND,BB,3560.87,3558.42,3558.19,3561.51,3527.55,0.0,25.0,8.73,0.0,NO_VALID_RANGE,-1,-1,,0.0,0.0,0.0,0.0,0,london
2025-09-05 11:20:00+00:00,XAU/USD,5min,1,SHORT,SETUP_00178,0.0,0.0,0.0,0,0,0,1.1172,0.0,BSL_RANGE_HIGH,21384,0.456,0.45,MSS_BEARISH,21339,SHORT,1.651,STRONG,DOWNTREND,BB,3560.87,3558.42,3558.19,3561.43,3527.55,0.0,25.0,8.94,0.0,NO_VALID_RANGE,-1,-1,,0.0,0.0,0.0,0.0,0,london
2025-09-05 11:35:00+00:00,XAU/USD,5min,1,SHORT,SETUP_00179,3560.9,3556.58,55.0,8,2,2,1.2948,3.336,BSL_RANGE_HIGH,21384,0.456,0.45,MSS_BEARISH,21339,SHORT,1.651,STRONG,DOWNTREND,BB,3560.87,3558.42,3558.19,3561.52,3552.26,0.0,30.0,1.65,0.0,SL_TOO_WIDE,-1,-1,,0.0,0.0,0.0,0.0,0,london
2025-09-06 12:35:00+00:00,XAU/USD,5min,1,SHORT,SETUP_00180,0.0,0.0,0.0,0,0,0,0.7602,0.0,,-1,0.0,0.0,MSS_BEARISH,21661,SHORT,0.768,MODERATE,DOWNTREND,OB,3609.22,3609.02,3608.79,3609.79,3605.0,0.0,25.0,3.69,0.0,NO_VALID_RANGE,-1,-1,,0.0,0.0,0.0,0.0,0,new_york
2025-09-06 12:45:00+00:00,XAU/USD,5min,1,SHORT,SETUP_00181,0.0,0.0,0.0,0,0,0,0.7059,0.0,,-1,0.0,0.0,MSS_BEARISH,21661,SHORT,0.768,MODERATE,DOWNTREND,OB,3609.22,3609.02,3608.79,3609.79,3605.0,0.0,25.0,3.8,0.0,NO_VALID_RANGE,-1,-1,,0.0,0.0,0.0,0.0,0,new_york
2025-09-06 13:00:00+00:00,XAU/USD,5min,1,SHORT,SETUP_00182,0.0,0.0,0.0,0,0,0,1.0825,0.0,BSL_EQUAL_HIGHS,21697,1.238,1.34,MSS_BEARISH,21661,SHORT,0.768,MODERATE,DOWNTREND,OB,3609.22,3609.02,3608.79,3609.79,3605.0,0.0,25.0,3.17,0.0,NO_VALID_RANGE,-1,-1,,0.0,0.0,0.0,0.0,0,new_york
2025-09-06 13:15:00+00:00,XAU/USD,5min,1,SHORT,SETUP_00183,0.0,0.0,0.0,0,0,0,1.2593,0.0,BSL_SWING_HIGH,21700,0.206,0.26,MSS_BEARISH,21661,SHORT,0.768,MODERATE,DOWNTREND,OB,3609.22,3609.02,3608.79,3609.85,3550.0,0.0,25.0,47.67,0.0,NO_VALID_RANGE,-1,-1,,0.0,0.0,0.0,0.0,0,new_york
2025-09-06 13:55:00+00:00,XAU/USD,5min,1,LONG,SETUP_00185,0.0,0.0,0.0,0,0,0,1.918,0.0,SSL_SWING_LOW,21707,1.098,1.9,MSS_BULLISH,21706,LONG,1.675,STRONG,DOWNTREND,OB,3606.3,3603.19,3606.53,3602.23,3611.68,0.0,25.0,1.11,0.0,HTF_NOT_BULLISH,-1,-1,,0.0,0.0,0.0,0.0,0,new_york
2025-09-09 12:35:00+00:00,XAU/USD,5min,1,LONG,SETUP_00187,3663.56,3656.38,35.0,24,1,2,2.6622,3.432,SSL_RANGE_LOW,22173,0.732,1.95,MSS_BULLISH,22133,LONG,0.478,MODERATE,DOWNTREND,OB,3655.99,3654.14,3656.22,3652.81,3662.32,0.0,35.0,1.65,0.0,HTF_NOT_BULLISH,-1,-1,,0.0,0.0,0.0,0.0,0,new_york
2025-09-09 12:45:00+00:00,XAU/USD,5min,1,LONG,SETUP_00188,3663.56,3656.38,35.0,26,1,2,2.748,3.432,SSL_RANGE_LOW,22174,0.963,2.73,MSS_BULLISH,22133,LONG,0.478,MODERATE,DOWNTREND,OB,3655.99,3654.14,3656.22,3652.77,3662.32,0.0,35.0,1.63,0.0,HTF_NOT_BULLISH,-1,-1,,0.0,0.0,0.0,0.0,0,new_york
2025-09-10 12:35:00+00:00,XAU/USD,5min,1,LONG,SETUP_00191,3655.61,3651.32,65.0,11,2,2,3.9045,2.379,SSL_RANGE_LOW,22461,1.163,4.54,BOS_BULLISH,22443,LONG,1.638,MODERATE_BOS,DOWNTREND,BB,3648.56,3646.77,3649.31,3644.82,3660.84,0.0,35.0,2.09,0.0,HTF_NOT_BULLISH,-1,-1,,0.0,0.0,0.0,0.0,0,new_york
2025-09-10 13:15:00+00:00,XAU/USD,5min,1,LONG,SETUP_00192,0.0,0.0,0.0,0,0,0,3.4953,0.0,SSL_EQUAL_LOWS,22467,0.563,2.15,BOS_BULLISH,22443,LONG,1.638,MODERATE_BOS,DOWNTREND,BB,3648.56,3646.77,3648.79,3645.02,3660.84,0.0,35.0,3.02,0.0,HTF_NOT_BULLISH,-1,-1,,0.0,0.0,0.0,0.0,0,new_york
2025-09-10 13:30:00+00:00,XAU/USD,5min,1,LONG,SETUP_00193,3654.06,3644.52,65.0,10,2,2,3.3146,2.886,SSL_EQUAL_LOWS,22472,0.99,3.28,BOS_BULLISH,22443,LONG,1.638,MODERATE_BOS,DOWNTREND,BB,3648.56,3646.77,3648.79,3645.11,3660.84,0.0,35.0,3.09,0.0,HTF_NOT_BULLISH,-1,-1,,0.0,0.0,0.0,0.0,0,new_york
2025-09-10 13:45:00+00:00,XAU/USD,5min,1,LONG,SETUP_00194,3654.06,3644.52,65.0,13,2,2,3.2304,2.886,SSL_EQUAL_LOWS,22472,0.99,3.28,BOS_BULLISH,22443,LONG,1.638,MODERATE_BOS,DOWNTREND,BB,3648.56,3646.77,3648.79,3645.15,3660.84,0.0,35.0,3.12,0.0,HTF_NOT_BULLISH,-1,-1,,0.0,0.0,0.0,0.0,0,new_york
2025-09-12 10:15:00+00:00,XAU/USD,5min,1,LONG,SETUP_00197,0.0,0.0,0.0,0,0,0,1.8094,0.0,SSL_EQUAL_LOWS,23009,0.193,0.35,MSS_BULLISH,22985,LONG,0.549,MODERATE,DOWNTREND,OB,3649.04,3642.57,3649.27,3641.67,0.0,0.0,0.0,0.0,0.0,HTF_NOT_BULLISH,-1,-1,,0.0,0.0,0.0,0.0,0,london
2025-09-12 10:35:00+00:00,XAU/USD,5min,1,LONG,SETUP_00198,0.0,0.0,0.0,0,0,0,1.3486,0.0,SSL_EQUAL_LOWS,23009,0.193,0.35,MSS_BULLISH,22985,LONG,0.549,MODERATE,DOWNTREND,OB,3649.04,3642.57,3649.27,3641.9,0.0,0.0,0.0,0.0,0.0,HTF_NOT_BULLISH,-1,-1,,0.0,0.0,0.0,0.0,0,london
2025-09-12 10:50:00+00:00,XAU/USD,5min,1,LONG,SETUP_00199,0.0,0.0,0.0,0,0,0,1.1512,0.0,SSL_EQUAL_LOWS,23009,0.193,0.35,MSS_BULLISH,22985,LONG,0.549,MODERATE,DOWNTREND,OB,3649.04,3642.57,3649.27,3641.99,0.0,0.0,0.0,0.0,0.0,HTF_NOT_BULLISH,-1,-1,,0.0,0.0,0.0,0.0,0,london
2025-09-12 11:15:00+00:00,XAU/USD,5min,1,LONG,SETUP_00200,3650.3,3648.49,65.0,10,5,4,1.0098,1.863,SSL_RANGE_LOW,23021,0.317,0.32,MSS_BULLISH,22985,LONG,0.549,MODERATE,DOWNTREND,OB,3649.04,3642.57,3649.27,3642.07,0.0,0.0,0.0,0.0,0.0,HTF_NOT_BULLISH,-1,-1,,0.0,0.0,0.0,0.0,0,london
2025-09-12 13:30:00+00:00,XAU/USD,5min,1,LONG,SETUP_00201,0.0,0.0,0.0,0,0,0,1.8698,0.0,SSL_EQUAL_LOWS,23048,0.898,1.68,MSS_BULLISH,22985,LONG,0.549,MODERATE,DOWNTREND,OB,3649.04,3642.57,3649.27,3641.64,0.0,0.0,0.0,0.0,0.0,HTF_NOT_BULLISH,-1,-1,,0.0,0.0,0.0,0.0,0,new_york
2025-09-12 13:40:00+00:00,XAU/USD,5min,1,LONG,SETUP_00202,3649.53,3643.99,55.0,9,3,2,2.0459,2.717,SSL_EQUAL_LOWS,23049,0.824,1.68,MSS_BULLISH,22985,LONG,0.549,MODERATE,DOWNTREND,OB,3649.04,3642.57,3649.27,3641.55,0.0,0.0,0.0,0.0,0.0,HTF_NOT_BULLISH,-1,-1,,0.0,0.0,0.0,0.0,0,new_york
2025-09-12 13:50:00+00:00,XAU/USD,5min,1,LONG,SETUP_00203,3649.53,3643.99,55.0,11,3,2,2.269,2.717,SSL_EQUAL_LOWS,23051,0.6,1.38,MSS_BULLISH,22985,LONG,0.549,MODERATE,DOWNTREND,OB,3649.04,3642.57,3649.27,3641.44,0.0,0.0,0.0,0.0,0.0,HTF_NOT_BULLISH,-1,-1,,0.0,0.0,0.0,0.0,0,new_york
2025-09-12 14:00:00+00:00,XAU/USD,5min,1,LONG,SETUP_00204,3649.53,3643.99,55.0,13,3,2,2.1889,2.717,SSL_EQUAL_LOWS,23051,0.6,1.38,MSS_BULLISH,22985,LONG,0.549,MODERATE,DOWNTREND,OB,3649.04,3642.57,3649.27,3641.48,0.0,0.0,0.0,0.0,0.0,HTF_NOT_BULLISH,-1,-1,,0.0,0.0,0.0,0.0,0,new_york
2025-09-12 14:30:00+00:00,XAU/USD,5min,1,LONG,SETUP_00205,3649.53,3643.99,55.0,19,3,2,1.7525,2.717,SSL_EQUAL_LOWS,23055,0.327,0.76,MSS_BULLISH,23059,LONG,0.592,MODERATE,DOWNTREND,OB,3649.04,3642.57,3649.27,3641.69,0.0,0.0,0.0,0.0,0.0,HTF_NOT_BULLISH,-1,-1,,0.0,0.0,0.0,0.0,0,new_york
2025-09-13 08:00:00+00:00,XAU/USD,5min,1,LONG,SETUP_00206,3636.36,3633.87,55.0,11,3,3,1.3507,2.59,SSL_SWING_LOW,23255,0.387,0.53,BOS_BULLISH,23268,LONG,1.884,MODERATE_BOS,DOWNTREND,BB,3635.48,3633.73,3635.71,3633.05,3638.85,0.0,30.0,1.05,0.0,HTF_NOT_BULLISH,-1,-1,,0.0,0.0,0.0,0.0,0,london
2025-09-13 08:20:00+00:00,XAU/USD,5min,1,LONG,SETUP_00207,3636.36,3633.87,55.0,15,3,3,1.1484,2.59,SSL_SWING_LOW,23255,0.387,0.53,BOS_BULLISH,23268,LONG,1.884,MODERATE_BOS,DOWNTREND,BB,3635.48,3633.73,3635.71,3633.16,3638.85,0.0,30.0,1.09,0.0,HTF_NOT_BULLISH,-1,-1,,0.0,0.0,0.0,0.0,0,london
2025-09-13 08:35:00+00:00,XAU/USD,5min,1,LONG,SETUP_00208,3636.36,3633.87,55.0,18,3,3,1.4506,2.59,SSL_RANGE_LOW,23276,0.29,0.36,BOS_BULLISH,23268,LONG,1.884,MODERATE_BOS,DOWNTREND,BB,3635.48,3633.73,3635.71,3633.0,3638.85,0.0,30.0,1.03,0.0,HTF_NOT_BULLISH,-1,-1,,0.0,0.0,0.0,0.0,0,london
2025-09-13 10:50:00+00:00,XAU/USD,5min,1,LONG,SETUP_00209,0.0,0.0,0.0,0,0,0,0.9529,0.0,SSL_EQUAL_LOWS,23301,0.363,0.28,BOS_BULLISH,23268,LONG,1.884,MODERATE_BOS,DOWNTREND,BB,3635.48,3633.73,3635.71,3633.25,3655.89,0.0,25.0,7.62,0.0,HTF_NOT_BULLISH,-1,-1,,0.0,0.0,0.0,0.0,0,london
2025-09-13 11:30:00+00:00,XAU/USD,5min,1,LONG,SETUP_00210,0.0,0.0,0.0,0,0,0,1.6703,0.0,SSL_EQUAL_LOWS,23312,0.651,1.087,BOS_BULLISH,23268,LONG,1.884,MODERATE_BOS,DOWNTREND,BB,3635.48,3633.73,3635.71,3632.89,3655.89,0.0,25.0,6.7,0.0,HTF_NOT_BULLISH,-1,-1,,0.0,0.0,0.0,0.0,0,london
2025-09-16 12:25:00+00:00,XAU/USD,5min,1,SHORT,SETUP_00211,0.0,0.0,0.0,0,0,0,1.8371,0.0,BSL_EQUAL_HIGHS,23803,0.16,0.3,MSS_BEARISH,23794,SHORT,2.514,STRONG,DOWNTREND,OB,3705.06,3704.83,3704.6,3705.98,3688.72,0.0,30.0,10.15,0.0,NO_VALID_RANGE,-1,-1,,0.0,0.0,0.0,0.0,0,new_york
2025-09-16 12:35:00+00:00,XAU/USD,5min,1,SHORT,SETUP_00212,0.0,0.0,0.0,0,0,0,2.2826,0.0,BSL_EQUAL_HIGHS,23803,0.16,0.3,MSS_BEARISH,23794,SHORT,2.514,STRONG,DOWNTREND,OB,3705.06,3704.83,3704.6,3706.2,3688.72,0.0,30.0,8.87,0.0,NO_VALID_RANGE,-1,-1,,0.0,0.0,0.0,0.0,0,new_york
2025-09-18 07:55:00+00:00,XAU/USD,5min,1,SHORT,SETUP_00216,0.0,0.0,0.0,0,0,0,3.53,0.0,BSL_EQUAL_HIGHS,24326,0.661,2.333,MSS_BEARISH,24315,SHORT,0.733,MODERATE,DOWNTREND,BB,3667.42,3666.37,3666.14,3669.18,3657.59,0.0,35.0,2.61,0.0,NO_VALID_RANGE,-1,-1,,0.0,0.0,0.0,0.0,0,london
2025-09-19 13:40:00+00:00,XAU/USD,5min,1,LONG,SETUP_00222,0.0,0.0,0.0,0,0,0,2.2609,0.0,SSL_EQUAL_LOWS,24677,0.416,1.175,BOS_BULLISH,24681,LONG,0.536,MODERATE_BOS,DOWNTREND,OB,3660.63,3660.28,3660.86,3659.15,3674.14,0.0,35.0,6.97,0.0,HTF_NOT_BULLISH,-1,-1,,0.0,0.0,0.0,0.0,0,new_york
2025-09-19 14:20:00+00:00,XAU/USD,5min,1,LONG,SETUP_00223,3665.42,3659.18,55.0,12,2,2,2.9115,3.149,SSL_SWING_LOW,24691,1.065,3.1,BOS_BULLISH,24681,LONG,0.536,MODERATE_BOS,DOWNTREND,OB,3660.63,3660.28,3660.86,3658.82,3674.14,0.0,35.0,5.94,0.0,HTF_NOT_BULLISH,-1,-1,,0.0,0.0,0.0,0.0,0,new_york
2025-09-20 07:25:00+00:00,XAU/USD,5min,1,SHORT,SETUP_00224,0.0,0.0,0.0,0,0,0,0.8408,0.0,BSL_RANGE_HIGH,24892,0.511,0.26,MSS_BEARISH,24892,SHORT,0.982,MODERATE,DOWNTREND,BB,3688.06,3685.72,3685.49,3688.48,3641.01,0.0,25.0,14.02,0.0,NO_VALID_RANGE,-1,-1,,0.0,0.0,0.0,0.0,0,london
2025-09-20 07:35:00+00:00,XAU/USD,5min,1,SHORT,SETUP_00225,0.0,0.0,0.0,0,0,0,0.9912,0.0,BSL_RANGE_HIGH,24892,0.511,0.26,MSS_BEARISH,24892,SHORT,0.982,MODERATE,DOWNTREND,BB,3688.06,3685.72,3685.49,3688.56,3641.01,0.0,25.0,13.69,0.0,NO_VALID_RANGE,-1,-1,,0.0,0.0,0.0,0.0,0,london
2025-09-20 08:00:00+00:00,XAU/USD,5min,1,SHORT,SETUP_00226,3686.09,3683.46,35.0,8,5,1,0.7562,3.478,BSL_RANGE_HIGH,24892,0.511,0.26,MSS_BEARISH,24892,SHORT,0.982,MODERATE,DOWNTREND,BB,3688.06,3685.72,3685.49,3688.44,3680.83,0.0,30.0,1.44,0.0,SL_TOO_WIDE,-1,-1,,0.0,0.0,0.0,0.0,0,london
2025-09-20 10:35:00+00:00,XAU/USD,5min,1,SHORT,SETUP_00227,0.0,0.0,0.0,0,0,0,0.9847,0.0,BSL_SWING_HIGH,24934,0.305,0.3,MSS_BEARISH,24892,SHORT,0.982,MODERATE,DOWNTREND,BB,3688.06,3685.72,3685.49,3688.55,3641.01,0.0,25.0,13.71,0.0,NO_VALID_RANGE,-1,-1,,0.0,0.0,0.0,0.0,0,london
2026-01-09 12:30:00+00:00,XAU/USD,5min,1,SHORT,SETUP_00229,0.0,0.0,0.0,0,0,0,2.881,0.0,BSL_EQUAL_HIGHS,25253,0.418,0.994,MSS_BEARISH,25250,SHORT,1.557,STRONG,RANGING,BB,4475.12,4468.08,4467.33,4476.56,4444.81,0.0,25.0,2.2,0.0,NO_VALID_RANGE,-1,-1,,0.0,0.0,0.0,0.0,0,new_york
2026-01-09 12:45:00+00:00,XAU/USD,5min,1,SHORT,SETUP_00230,0.0,0.0,0.0,0,0,0,3.1176,0.0,BSL_EQUAL_HIGHS,25253,0.418,0.994,MSS_BEARISH,25250,SHORT,1.557,STRONG,RANGING,BB,4475.12,4468.08,4467.33,4476.68,4444.81,0.0,25.0,2.17,0.0,NO_VALID_RANGE,-1,-1,,0.0,0.0,0.0,0.0,0,new_york
2026-01-09 13:15:00+00:00,XAU/USD,5min,1,SHORT,SETUP_00231,4474.26155,4462.97996,65.0,11,2,3,3.3474,3.449,BSL_EQUAL_HIGHS,25261,0.283,0.978,MSS_BEARISH,25250,SHORT,1.557,STRONG,RANGING,BB,4475.12,4468.08,4467.85,4476.8,4451.7,0.0,25.0,1.75,0.0,SL_TOO_WIDE,-1,-1,,0.0,0.0,0.0,0.0,0,new_york
2026-01-13 08:55:00+00:00,XAU/USD,5min,1,SHORT,SETUP_00232,0.0,0.0,0.0,0,0,0,2.7209,0.0,BSL_RANGE_HIGH,26353,0.163,0.564,MSS_BEARISH,26341,SHORT,0.878,MODERATE,RANGING,BB,4595.92,4593.24,4593.01,4597.28,4578.5,0.0,35.0,3.23,0.0,NO_VALID_RANGE,-1,-1,,0.0,0.0,0.0,0.0,0,london
2026-01-15 13:15:00+00:00,XAU/USD,5min,1,LONG,SETUP_00238,0.0,0.0,0.0,0,0,0,3.5706,0.0,SSL_SWING_LOW,26980,0.387,0.865,BOS_BULLISH,26988,LONG,0.707,MODERATE_BOS,RANGING,BB,4604.75,4602.49,4604.97,4600.71,4618.71,0.0,35.0,3.05,0.0,NO_VALID_RANGE,-1,-1,,0.0,0.0,0.0,0.0,0,new_york
2026-01-15 14:30:00+00:00,XAU/USD,5min,1,LONG,SETUP_00239,0.0,0.0,0.0,0,0,0,4.9436,0.0,SSL_SWING_LOW,27006,1.364,6.745,BOS_BULLISH,26988,LONG,0.707,MODERATE_BOS,RANGING,BB,4604.75,4602.49,4604.97,4600.02,4618.71,0.0,35.0,2.64,0.0,NO_VALID_RANGE,-1,-1,,0.0,0.0,0.0,0.0,0,new_york
2026-01-15 14:45:00+00:00,XAU/USD,5min,1,LONG,SETUP_00240,0.0,0.0,0.0,0,0,0,4.9708,0.0,SSL_SWING_LOW,27006,1.364,6.745,BOS_BULLISH,26988,LONG,0.707,MODERATE_BOS,RANGING,BB,4604.75,4602.49,4604.97,4600.01,4618.71,0.0,35.0,2.64,0.0,NO_VALID_RANGE,-1,-1,,0.0,0.0,0.0,0.0,0,new_york
2026-01-15 16:55:00+00:00,XAU/USD,5min,1,LONG,SETUP_00241,0.0,0.0,0.0,0,0,0,3.8525,0.0,SSL_RANGE_LOW,27030,0.232,1.115,BOS_BULLISH,26988,LONG,0.707,MODERATE_BOS,RANGING,BB,4604.75,4602.49,4604.97,4600.57,4618.22,0.0,35.0,2.85,0.0,NO_VALID_RANGE,-1,-1,,0.0,0.0,0.0,0.0,0,new_york
2026-01-16 12:55:00+00:00,XAU/USD,5min,1,LONG,SETUP_00244,0.0,0.0,0.0,0,0,0,3.1208,0.0,,-1,0.0,0.0,MSS_BULLISH,27257,LONG,0.384,MODERATE,RANGING,OB,4601.23,4600.6,4601.98,4599.04,4610.82,0.0,35.0,2.23,0.0,NO_VALID_RANGE,-1,-1,,0.0,0.0,0.0,0.0,0,new_york
2026-01-19 12:30:00+00:00,XAU/USD,5min,1,LONG,SETUP_00246,0.0,0.0,0.0,0,0,0,2.6079,0.0,SSL_EQUAL_LOWS,28130,0.206,0.576,BOS_BULLISH,28131,LONG,1.582,MODERATE_BOS,RANGING,BB,4670.87,4668.01,4671.09,4666.7,4686.14,0.0,35.0,3.26,0.0,NO_VALID_RANGE,-1,-1,,0.0,0.0,0.0,0.0,0,new_york
2026-01-22 11:55:00+00:00,XAU/USD,5min,1,SHORT,SETUP_00251,0.0,0.0,0.0,0,0,0,2.9094,0.0,BSL_SWING_HIGH,28984,0.159,0.446,MSS_BEARISH,28986,SHORT,0.343,MODERATE,RANGING,BB,4836.54,4832.52,4832.29,4838.0,4822.22,0.0,35.0,1.68,0.0,NO_VALID_RANGE,-1,-1,,0.0,0.0,0.0,0.0,0,london
2026-01-22 14:20:00+00:00,XAU/USD,5min,1,LONG,SETUP_00253,0.0,0.0,0.0,0,0,0,4.4109,0.0,SSL_EQUAL_LOWS,29020,0.453,1.998,BOS_BULLISH,29005,LONG,0.403,MODERATE_BOS,RANGING,OB,4825.9,4820.52,4826.12,4818.32,4836.35,0.0,35.0,1.26,0.0,NO_VALID_RANGE,-1,-1,,0.0,0.0,0.0,0.0,0,new_york
2026-05-18 11:20:00+00:00,XAU/USD,5min,1,SHORT,SETUP_00256,4547.36619,4537.2892,65.0,22,3,2,4.3879,2.555,BSL_SESSION_HIGH,31104,0.346,1.52,MSS_BEARISH,31098,SHORT,1.396,STRONG,RANGING,BB,4545.58,4535.78,4535.56,4547.77,0.0,0.0,0.0,0.0,0.0,NO_VALID_TARGET,-1,-1,,0.0,0.0,0.0,0.0,0,london
2026-05-20 14:00:00+00:00,XAU/USD,5min,1,SHORT,SETUP_00258,0.0,0.0,0.0,0,0,0,4.4023,0.0,BSL_EQUAL_HIGHS,31711,0.686,3.253,MSS_BEARISH,31663,SHORT,0.665,MODERATE,DOWNTREND,OB,4489.45,4482.45,4482.22,4491.65,4466.88,0.0,35.0,1.58,0.0,NO_VALID_RANGE,-1,-1,,0.0,0.0,0.0,0.0,0,new_york
2026-05-25 12:30:00+00:00,XAU/USD,5min,1,LONG,SETUP_00266,0.0,0.0,0.0,0,0,0,4.0807,0.0,SSL_EQUAL_LOWS,33133,0.805,3.225,BOS_BULLISH,33098,LONG,2.069,MODERATE_BOS,RANGING,BB,4563.0,4557.26,4563.22,4555.21,4579.57,0.0,35.0,1.98,0.0,NO_VALID_RANGE,-1,-1,,0.0,0.0,0.0,0.0,0,new_york
2026-05-25 13:00:00+00:00,XAU/USD,5min,1,LONG,SETUP_00267,0.0,0.0,0.0,0,0,0,4.1003,0.0,SSL_EQUAL_LOWS,33135,1.242,5.511,BOS_BULLISH,33098,LONG,2.069,MODERATE_BOS,RANGING,BB,4563.0,4557.26,4563.22,4555.21,4579.57,0.0,35.0,1.97,0.0,NO_VALID_RANGE,-1,-1,,0.0,0.0,0.0,0.0,0,new_york
2026-05-26 07:10:00+00:00,XAU/USD,5min,1,SHORT,SETUP_00269,4534.65619,4523.89618,40.0,32,1,2,3.7832,3.286,BSL_RANGE_HIGH,33349,0.853,3.325,MSS_BEARISH,33356,SHORT,0.338,MODERATE,UPTREND,BB,4532.78,4532.07,4531.84,4534.67,4524.49,0.0,35.0,2.39,0.0,HTF_NOT_BEARISH,-1,-1,,0.0,0.0,0.0,0.0,0,london
2026-05-26 07:45:00+00:00,XAU/USD,5min,1,SHORT,SETUP_00270,4534.65619,4523.89618,40.0,39,1,2,4.8253,3.286,BSL_RANGE_HIGH,33349,0.853,3.325,MSS_BEARISH,33356,SHORT,0.338,MODERATE,UPTREND,BB,4532.78,4532.07,4531.84,4535.19,4524.49,0.0,35.0,2.04,0.0,HTF_NOT_BEARISH,-1,-1,,0.0,0.0,0.0,0.0,0,london
2026-05-26 08:10:00+00:00,XAU/USD,5min,1,SHORT,SETUP_00271,4534.65619,4523.89618,40.0,44,1,2,4.9303,3.286,BSL_RANGE_HIGH,33369,0.483,2.328,MSS_BEARISH,33356,SHORT,0.338,MODERATE,UPTREND,BB,4532.78,4532.07,4531.84,4535.24,4524.49,0.0,35.0,2.01,0.0,HTF_NOT_BEARISH,-1,-1,,0.0,0.0,0.0,0.0,0,london
2026-05-26 11:15:00+00:00,XAU/USD,5min,1,SHORT,SETUP_00272,4540.08899,4523.5888,35.0,13,1,1,3.6548,3.436,BSL_SWING_HIGH,33406,0.411,1.589,MSS_BEARISH,33356,SHORT,0.338,MODERATE,UPTREND,BB,4532.78,4532.07,4531.84,4534.61,4524.49,0.0,35.0,2.44,0.0,HTF_NOT_BEARISH,-1,-1,,0.0,0.0,0.0,0.0,0,london
2026-05-27 16:45:00+00:00,XAU/USD,5min,1,LONG,SETUP_00274,0.0,0.0,0.0,0,0,0,4.2088,0.0,SSL_SWING_LOW,33754,0.298,1.847,MSS_BULLISH,33759,LONG,0.475,MODERATE,DOWNTREND,BB,4450.65,4447.64,4450.88,4445.53,4561.36,0.0,25.0,19.98,0.0,HTF_NOT_BULLISH,-1,-1,,0.0,0.0,0.0,0.0,0,new_york
